Term	Overlap	P.value	Adjusted.P.value	Odds.Ratio	Combined.Score	Genes	Rank	Database
Ribosome	52/158	6.24453672346841e-22	1.74222574584769e-19	6.69305855322704	326.789688809212	RPS8;RPS7;MRPS18C;MRPS18A;FAU;RPL26L1;RPL11;RPL10;RPL12;RPS4Y1;RPL36AL;RPS3;RPL19;RPL18;RPL41;RPS26;RPS21;RPS24;RPL5;RPL6;RPL30;MRPL19;MRPL17;MRPL14;RPL8;MRPL4;RPS17;MRPL9;RPL39;RPS10;RPS12;RPS14;RPS13;MRPL28;MRPS2;RPS3A;MRPS7;MRPL22;MRPL32;MRPS9;MRPS14;MRPS12;MRPS11;MRPL35;MRPL36;MRPL34;RPS15A;RPS27A;RPL35A;RPLP2;RPLP1;RPL7A	1	KEGG_2021_Human
Parkinson disease	48/249	1.3281949766827e-10	1.85283199247237e-08	3.23187594038637	73.4994198183626	PSMC4;PSMC3;UQCRC1;CALM1;UBE2L6;PSMD6;PSMD3;PSMD4;PSMD2;UBE2J2;UBE2G2;RPS27A;ATP5PF;ATP5PB;PSMA5;PSMA2;PSMA3;COX5A;NDUFA12;NDUFA13;GNAI2;GNAI3;PSMB5;TUBA1C;PSMB4;PSMB2;SDHD;SDHA;UQCRQ;COX6A1;NDUFV3;UBA1;UBC;UBB;CYC1;NDUFS8;NDUFS3;NDUFS2;NDUFB9;NDUFB8;NDUFB6;NDUFB2;KLC2;NDUFA8;NDUFA5;NDUFA2;VDAC3;VDAC2	2	KEGG_2021_Human
Spliceosome	34/150	8.35439921469857e-10	7.76959126966967e-08	3.9444081673657	82.4502111490971	ALYREF;CWC15;WBP11;HNRNPM;PHF5A;SNRNP27;PPIH;SNRPE;SRSF8;PPIE;SNRPC;SNRPD2;SNRPD1;DHX38;TXNL4A;LSM5;LSM3;PRPF6;SNW1;CDC5L;MAGOHB;PRPF19;RBM8A;U2AF1L4;BCAS2;SF3A3;THOC3;SNRNP40;PRPF31;RP9;SNRPA1;EIF4A3;U2AF2;SART1	3	KEGG_2021_Human
Huntington disease	52/306	2.5204948647729e-09	1.7580451681791e-07	2.77080512537409	54.858645830799	PSMC4;PSMC3;TBPL1;UQCRC1;PSMD6;PSMD3;PSMD4;PSMD2;CREBBP;ACTR1A;ATP5PF;ATP5PB;AP2B1;PSMA5;PSMA2;PSMA3;COX5A;NDUFA12;NDUFA13;PSMB5;TUBA1C;PSMB4;PSMB2;SDHD;SDHA;UQCRQ;COX6A1;NDUFV3;CREB3;CYC1;AP2M1;WIPI2;NDUFS8;NDUFS3;NDUFS2;NDUFB9;NDUFB8;NDUFB6;NDUFB2;KLC2;NDUFA8;NDUFA5;NDUFA2;VDAC3;VDAC2;BECN1;DCTN3;DCTN1;POLR2C;POLR2J;IFT57;POLR2K	4	KEGG_2021_Human
Ribosome biogenesis in eukaryotes	24/108	3.66344571144621e-07	1.72122214784156e-05	3.82377853527528	56.6672182388142	IMP3;IMP4;XRN2;SBDS;FBL;UTP18;EIF6;TBL3;CSNK2B;NOP10;POP7;MPHOSPH10;POP5;POP4;WDR43;AK6;REXO2;LSG1;NVL;RRP7A;GAR1;UTP6;UTP4;RIOK2	5	KEGG_2021_Human
RNA degradation	20/79	3.70155300611087e-07	1.72122214784156e-05	4.52971295198758	67.0820736490647	CNOT10;CNOT7;CNOT1;XRN2;PABPC4;DCP1B;DCP1A;MPHOSPH6;TOB2;EXOSC8;EXOSC7;EXOSC6;EXOSC5;EXOSC4;EXOSC3;EXOSC1;LSM5;LSM3;ENO2;EDC4	6	KEGG_2021_Human
Oxidative phosphorylation	27/133	4.86770671646697e-07	1.94012881984898e-05	3.41228465955701	49.5991705985227	ATP6V1E1;SDHD;SDHA;UQCRQ;UQCRC1;ATP6V0D1;COX6A1;NDUFV3;ATP6V0C;ATP6V1D;ATP6V1F;CYC1;NDUFS8;NDUFS3;NDUFS2;NDUFB9;NDUFB8;NDUFB6;NDUFB2;ATP5PF;NDUFA8;NDUFA5;ATP5PB;NDUFA2;COX5A;NDUFA12;NDUFA13	7	KEGG_2021_Human
Amyotrophic lateral sclerosis	52/364	8.21402032358413e-07	2.60474482124627e-05	2.24858548585486	31.5077490823206	BAD;PSMC4;PSMC3;UQCRC1;PSMD6;NUP85;PSMD3;PSMD4;PSMD2;GABARAP;NUP62;ACTR1A;ATP5PF;ATP5PB;PSMA5;PSMA2;PSMA3;COX5A;TOMM40;NDUFA12;NDUFA13;DERL1;PSMB5;TUBA1C;PSMB4;PSMB2;ALYREF;SDHD;SDHA;UQCRQ;NUP160;COX6A1;NDUFV3;CHCHD10;CYC1;WIPI2;NUP50;NDUFS8;NUP54;NDUFS3;NDUFS2;NDUFB9;NDUFB8;NDUFB6;NDUFB2;KLC2;NDUFA8;NDUFA5;NDUFA2;BECN1;DCTN3;DCTN1	8	KEGG_2021_Human
Pathways of neurodegeneration	63/475	8.40240264918153e-07	2.60474482124627e-05	2.06853003640777	28.937862199364	BAD;PSMC4;PSMC3;UQCRC1;PSMD6;PSMD3;PSMD4;PSMD2;GABARAP;ATXN3;RPS27A;PSMA5;PSMA2;PSMA3;NDUFA12;NDUFA13;PSMB5;TUBA1C;PSMB4;PSMB2;UQCRQ;WIPI2;NDUFB9;NDUFB8;NDUFB6;NDUFB2;KLC2;NDUFA8;NDUFA5;NDUFA2;BECN1;HSD17B10;APC;CALM1;UBE2L6;CSNK2B;UBE2J2;UBE2G2;ACTR1A;FADD;ATP5PF;ATP5PB;COX5A;TOMM40;DERL1;SDHD;SDHA;RELA;COX6A1;NDUFV3;UBA1;UBC;UBB;CYC1;NDUFS8;NDUFS3;NDUFS2;VDAC3;VDAC2;KRAS;DCTN3;DCTN1;IFT57	9	KEGG_2021_Human
Alzheimer disease	52/369	1.2481978991247e-06	3.40594305469638e-05	2.21251353207538	30.0764879747106	BAD;APC;PSMC4;PSMC3;UQCRC1;CALM1;PSMD6;PSMD3;PSMD4;PSMD2;CSNK2B;PSENEN;FADD;ATP5PF;ATP5PB;PSMA5;PSMA2;PSMA3;COX5A;NDUFA12;NDUFA13;PSMB5;TUBA1C;PSMB4;PSMB2;SDHD;SDHA;UQCRQ;RELA;COX6A1;NDUFV3;CYC1;WIPI2;NDUFS8;NDUFS3;NDUFS2;NDUFB9;NDUFB8;NDUFB6;NDUFB2;KLC2;APH1A;NAE1;NDUFA8;CHUK;NDUFA5;NDUFA2;VDAC3;VDAC2;KRAS;BECN1;HSD17B10	10	KEGG_2021_Human
Prion disease	42/273	1.34284493195915e-06	3.40594305469638e-05	2.44582084582085	33.0692590980098	BAD;PSMC4;PSMC3;UQCRC1;PSMD6;PSMD3;PSMD4;PSMD2;PRKCD;CSNK2B;ATP5PF;ATP5PB;PSMA5;PSMA2;PSMA3;COX5A;NDUFA12;NDUFA13;PSMB5;TUBA1C;PSMB4;PSMB2;SDHD;SDHA;UQCRQ;COX6A1;NDUFV3;CREB3;CYC1;NDUFS8;NDUFS3;NDUFS2;NDUFB9;NDUFB8;NDUFB6;NDUFB2;KLC2;NDUFA8;NDUFA5;NDUFA2;VDAC3;VDAC2	11	KEGG_2021_Human
Proteasome	14/46	1.92764413398202e-06	4.48177261150819e-05	5.82945979899498	76.7110970875858	PSMB9;PSMA5;PSMA2;PSMC4;PSMA3;PSMC3;PSME3;PSMB5;PSMB4;PSMD6;PSMD3;PSMB2;PSMD4;PSMD2	12	KEGG_2021_Human
Diabetic cardiomyopathy	33/203	5.38467200213028e-06	0.000113989017441981	2.6027870536861	31.5768932203088	UQCRC1;PRKCD;PDHA1;ATP5PF;ATP5PB;COX5A;NDUFA12;NDUFA13;G6PD;SDHD;SDHA;UQCRQ;RELA;COX6A1;PTPA;NDUFV3;MPC1;MPC2;CYC1;GFPT1;NDUFS8;NDUFS3;NDUFS2;NDUFB9;NDUFB8;NDUFB6;NDUFB2;NDUFA8;NDUFA5;NDUFA2;TBC1D4;VDAC3;VDAC2	13	KEGG_2021_Human
Coronavirus disease	36/232	6.12844179795599e-06	0.000113989017441981	2.46465413298799	29.5821838387006	RPL11;RPL10;RPL12;RPS4Y1;RPL36AL;RPL19;RPL18;RPL41;RPS26;RPS21;RPS24;RPL5;RPL6;RPL30;RPL8;RPS17;RPL39;RPS10;RPS12;RPS14;RPS13;RPS15A;RPS27A;RPLP2;RPLP1;RPS8;RPS7;FAU;RPL26L1;RELA;RPS3;RPS3A;IRF3;CHUK;RPL35A;RPL7A	14	KEGG_2021_Human
Thermogenesis	36/232	6.12844179795599e-06	0.000113989017441981	2.46465413298799	29.5821838387006	UQCRC1;SMARCB1;ACTL6A;NDUFAF6;NDUFAF4;MLST8;ATP5PF;ATP5PB;COX5A;NDUFA12;NDUFA13;SDHD;SDHA;UQCRQ;COX20;COX6A1;NDUFV3;CREB3;RHEB;COX19;COX14;CYC1;NDUFS8;NDUFS3;NDUFS2;NDUFB9;NDUFB8;NDUFB6;NDUFB2;NDUFA8;NDUFA5;NDUFA2;RPS6KB2;KRAS;SMARCD1;SMARCD2	14	KEGG_2021_Human
RNA transport	29/186	4.33133792448556e-05	0.00075527705058217	2.47124513510765	24.8287209169656	EIF1AY;ALYREF;UPF3A;RPP21;NUP160;NUP85;EIF2B4;EIF2S2;GEMIN6;GEMIN7;GEMIN8;POP7;POP5;EIF4EBP1;POP4;NUP62;EIF4EBP2;MAGOHB;NUP50;NUP54;PABPC4;RBM8A;PRMT5;THOC3;THOC6;EIF3B;EIF4A3;DDX20;SUMO3	16	KEGG_2021_Human
Ubiquitin mediated proteolysis	23/140	0.000115825406986618	0.00190089932642744	2.62430215898424	23.7851700279274	UBE2F;UBE2Z;UBE2S;UBE2L6;FZR1;CDC26;UBA1;ANAPC13;ANAPC10;ANAPC11;UBE2J2;UBC;UBB;SKP1;UBE2G2;PRPF19;KLHL9;RPS27A;SYVN1;DDB1;CDC34;ANAPC1;ELOC	17	KEGG_2021_Human
Protein processing in endoplasmic reticulum	26/171	0.000160187349365214	0.00248290391516082	2.39530575045569	20.932975757761	NSFL1C;SELENOS;RNF185;PREB;UBXN2A;PPP1R15A;PDIA4;EDEM2;STT3B;HSPBP1;UBE2J2;BAG1;SKP1;UBE2G2;RAD23A;DNAJB2;ATXN3;SYVN1;SVIP;DNAJA2;P4HB;ERO1A;DERL2;DERL1;SEC61A1;UFD1	18	KEGG_2021_Human
Non-alcoholic fatty liver disease	24/155	0.000212638061747975	0.003122422064615	2.44566243314401	20.6803236273123	SDHD;SDHA;UQCRQ;UQCRC1;RELA;COX6A1;NDUFV3;MAP3K11;CYC1;NDUFS8;NDUFS3;NDUFS2;NDUFB9;NDUFB8;NDUFB6;NDUFB2;ADIPOR1;ADIPOR2;NDUFA8;NDUFA5;NDUFA2;COX5A;NDUFA12;NDUFA13	19	KEGG_2021_Human
Protein export	7/23	0.000755898678169996	0.0105447865604714	5.8053125	41.7262827853142	SRP19;SRPRA;SRP14;SPCS3;SRP72;SEC61A1;SRPRB	20	KEGG_2021_Human
Endocytosis	32/252	0.000856114243024569	0.011374089228755	1.94359008264463	13.7277841916317	RUFY1;VPS28;ARPC5L;IL2RG;MVB12A;SNF8;EHD1;RAB5C;ARF3;SNX4;SNX2;SNX6;AP2B1;SNX12;RAB22A;SH3GLB1;CHMP4B;ARPC4;CHMP5;CHMP6;TSG101;SH3GL1;RAB4A;AP2M1;EPN1;VPS4A;VPS4B;GRK2;GRK6;SPG21;WIPF2;VPS35	21	KEGG_2021_Human
SNARE interactions in vesicular transport	8/33	0.00166997262148662	0.0211782891543076	4.24714796283059	27.1602905702543	VAMP8;VAMP4;GOSR1;STX17;USE1;VTI1B;STX6;SNAP29	22	KEGG_2021_Human
Basal transcription factors	9/45	0.00362573504581389	0.0439817425122641	3.31849070100143	18.6489163517805	TAF12;TAF10;GTF2F1;TBPL1;TAF6;TAF3;GTF2A2;GTF2B;GTF2E2	23	KEGG_2021_Human
Citrate cycle (TCA cycle)	7/30	0.00407100230408619	0.047325401785002	4.03695652173913	22.2188679190292	IDH3G;PDHA1;SDHD;SDHA;ACO2;SUCLG1;MDH1	24	KEGG_2021_Human
RNA polymerase	7/31	0.00494457478720752	0.0551814546252359	3.86854166666667	20.5398838955794	POLR1C;POLR3F;POLR3H;POLR3K;POLR2C;POLR2J;POLR2K	25	KEGG_2021_Human
Spinocerebellar ataxia	19/143	0.00548953117096886	0.0589068921807812	2.03885260760435	10.612049268058	PSMC4;PSMC3;TBPL1;GTF2B;PSMD6;PSMD3;PSMD4;PSMD2;WIPI2;ATXN3;PSMA5;PSMA2;PSMA3;VDAC3;VDAC2;BECN1;PSMB5;PSMB4;PSMB2	26	KEGG_2021_Human
Base excision repair	7/33	0.00710467692655835	0.0734149949077696	3.57057692307692	17.6636511430046	XRCC1;APEX2;POLE3;POLE4;FEN1;POLB;POLD2	27	KEGG_2021_Human
Mitophagy	11/68	0.00752922047197522	0.0750233039886102	2.56240888754838	12.5275242036378	TFEB;RELA;TBC1D15;RPS27A;FIS1;CSNK2B;KRAS;BECN1;GABARAP;UBC;UBB	28	KEGG_2021_Human
Autophagy	17/137	0.0158769218917014	0.14870695963142	1.88273980815348	7.79998143385282	SH3GLB1;BAD;STX17;ATG3;PRKCD;VAMP8;RHEB;GABARAP;MLST8;WIPI2;ATG4A;SNAP29;DAPK3;RPS6KB2;KRAS;BECN1;MTMR14	29	KEGG_2021_Human
Terpenoid backbone biosynthesis	5/22	0.016451510764929	0.14870695963142	3.89695393135856	16.0061068347018	NUS1;ICMT;ZMPSTE24;ACAT2;PMVK	30	KEGG_2021_Human
Pentose phosphate pathway	6/30	0.0165229955146023	0.14870695963142	3.31352605281941	13.5954046870507	G6PD;TALDO1;PGD;RPIA;PRPS1;PGM1	31	KEGG_2021_Human
Vibrio cholerae infection	8/50	0.0224511584177213	0.194101198405627	2.52574968514926	9.58878910671836	ATP6V1E1;ATP6V0D1;PDIA4;ATP6V0C;ATP6V1D;ERO1A;SEC61A1;ATP6V1F	32	KEGG_2021_Human
Ferroptosis	7/41	0.0229582062630312	0.194101198405627	2.72926470588235	10.300462890889	MAP1LC3B2;VDAC3;VDAC2;SLC3A2;SAT2;MAP1LC3B;FTH1	33	KEGG_2021_Human
Retrograde endocannabinoid signaling	17/148	0.0311958763455256	0.255989691188284	1.72362018781921	5.976600191806	NDUFV3;GNB1;GNB2;NDUFS8;NDUFS3;NDUFS2;NDUFB9;NDUFB8;NDUFB6;NDUFB2;NDUFA8;NDUFA5;NDUFA2;NDUFA12;NDUFA13;GNAI2;GNAI3	34	KEGG_2021_Human
Ubiquinone and other terpenoid-quinone biosynthesis	3/11	0.0374116807848437	0.28619511599034	4.96394230769231	16.3103841476757	VKORC1L1;GGCX;COQ6	35	KEGG_2021_Human
Collecting duct acid secretion	5/27	0.0377527047141675	0.28619511599034	3.01047205291143	9.86440822987207	ATP6V0C;ATP6V1E1;ATP6V1D;ATP6V0D1;ATP6V1F	36	KEGG_2021_Human
DNA replication	6/36	0.0379541910094716	0.28619511599034	2.64996431120628	8.66902791600548	RPA2;POLE3;POLE4;RNASEH2A;FEN1;POLD2	37	KEGG_2021_Human
mTOR signaling pathway	17/154	0.0431650371199435	0.316922246222743	1.64759754240403	5.17794505941505	ATP6V1E1;NPRL2;RHEB;ATP6V1D;EIF4EBP1;MLST8;ATP6V1F;TTI1;LPIN2;SLC3A2;CHUK;RPS6KB2;LAMTOR1;KRAS;LAMTOR2;LAMTOR5;CAB39	38	KEGG_2021_Human
Nucleotide excision repair	7/47	0.0447256352956173	0.319960314037877	2.319125	7.20600478548063	RPA2;RAD23A;DDB1;ERCC1;POLE3;POLE4;POLD2	39	KEGG_2021_Human
Viral carcinogenesis	21/203	0.0489796013986827	0.341632719755812	1.53271728271728	4.62321386870129	BAD;MRPS18B;TBPL1;ATP6V0D1;CREBBP;SNW1;RANBP1;DDB1;RELA;GTF2B;GTF2E2;CREB3;CDK4;IRF3;GTF2A2;YWHAB;VDAC3;KRAS;HDAC5;VAC14;POLB	40	KEGG_2021_Human
Kaposi sarcoma-associated herpesvirus infection	20/193	0.0528894683375998	0.359906382102204	1.53531345983138	4.51313228706761	CALM1;PREX1;ATG3;CREBBP;GABARAP;FADD;RPS27A;IFNGR1;RELA;MICB;MAP2K4;GNB1;GNB2;UBC;UBB;CDK4;IRF3;CHUK;KRAS;BECN1	41	KEGG_2021_Human
Epithelial cell signaling in Helicobacter pylori infection	9/70	0.0560158660752815	0.372105396071513	1.95581509885316	5.63689441040851	ATP6V1E1;RELA;ATP6V0D1;MAP2K4;ATP6V0C;CHUK;ATP6V1D;CSK;ATP6V1F	42	KEGG_2021_Human
Human T-cell leukemia virus 1 infection	22/219	0.0582225451302721	0.377769537008044	1.48330370723304	4.21774832042362	TBPL1;TLN1;IL2RG;CDC26;B2M;CREBBP;ANAPC10;ANAPC11;NFYB;RANBP1;RELA;GPS2;MAP2K4;CREB3;CDK4;CHUK;VDAC3;VDAC2;KRAS;ANAPC1;VAC14;POLB	43	KEGG_2021_Human
Human immunodeficiency virus 1 infection	21/212	0.0709009904075859	0.44957673462992	1.4597810566397	3.86326805241116	BAD;AP1S1;CALM1;CRKL;B2M;APOBEC3C;AP1S2;SKP1;FADD;DDB1;GNAI2;GNAI3;ELOC;RELA;GNB1;GNB2;IRF3;CHUK;RPS6KB2;KRAS;SAMHD1	44	KEGG_2021_Human
Cytosolic DNA-sensing pathway	8/63	0.073348633715137	0.454761529033849	1.92740269023328	5.03540005155164	IRF3;POLR3F;POLR3H;POLR3K;RELA;CHUK;POLR1C;POLR2K	45	KEGG_2021_Human
Glycosylphosphatidylinositol (GPI)-anchor biosynthesis	4/26	0.106128948945801	0.643695146866926	2.40666105099462	5.39838242563672	PIGB;PIGT;PIGS;PIGP	46	KEGG_2021_Human
Notch signaling pathway	7/59	0.118980904711413	0.706290902435833	1.78278846153846	3.79518628412415	PSENEN;TLE3;DTX2;APH1A;CREBBP;SNW1;CTBP1	47	KEGG_2021_Human
mRNA surveillance pathway	10/98	0.150757180227196	0.870779606328614	1.50525476670788	2.84806968600856	CPSF4;ALYREF;UPF3A;PELO;CSTF2;MAGOHB;PABPC4;DAZAP1;RBM8A;EIF4A3	48	KEGG_2021_Human
Synthesis and degradation of ketone bodies	2/10	0.152932619032624	0.870779606328614	3.30693950177936	6.20963161910409	HMGCL;ACAT2	49	KEGG_2021_Human
Glyoxylate and dicarboxylate metabolism	4/30	0.156842673642318	0.875182118924133	2.03596688414935	3.77165319598233	PGP;ACO2;ACAT2;MDH1	50	KEGG_2021_Human
Progesterone-mediated oocyte maturation	10/100	0.165076105887085	0.903063402794054	1.47164558975583	2.6509468164335	MAD2L2;FZR1;CDC26;ANAPC13;ANAPC10;ANAPC11;KRAS;ANAPC1;GNAI2;GNAI3	51	KEGG_2021_Human
Fanconi anemia pathway	6/54	0.177384268256924	0.951734823916958	1.65462169878658	2.86156380907484	CENPX;USP1;ATRIP;RPA2;FANCF;ERCC1	52	KEGG_2021_Human
Vasopressin-regulated water reabsorption	5/44	0.194926245119246	0.999999999995123	1.69666044844362	2.77426722324091	DYNLL2;CREB3;DYNC1LI1;RAB5C;DCTN1	53	KEGG_2021_Human
Pyrimidine metabolism	6/56	0.199129095181448	0.999999999995123	1.58826552462527	2.56314599294443	NME3;UCKL1;DCTPP1;DTYMK;UCK1;CANT1	54	KEGG_2021_Human
Shigellosis	21/246	0.207713092290207	0.999999999995123	1.23690235690236	1.9439126709848	TLN1;ARPC5L;CRKL;CAPNS1;PRKCD;GABARAP;SKP1;RPS27A;ELMO2;RELA;DIAPH1;ARPC4;UBC;UBB;WIPI2;IRF3;U2AF1L4;SHARPIN;CHUK;RPS6KB2;BECN1	55	KEGG_2021_Human
Mismatch repair	3/23	0.217422098437727	0.999999999995123	1.98429487179487	3.02786463605005	RPA2;MSH2;POLD2	56	KEGG_2021_Human
Insulin resistance	10/108	0.228304363591875	0.999999999995123	1.35092691335661	1.9954211976072	RELA;PTPA;PRKCD;CREB3;GFPT1;NR1H2;TBC1D4;RPS6KB2;TRIB3;PYGB	57	KEGG_2021_Human
Necroptosis	14/159	0.228984015449866	0.999999999995123	1.27866920810951	1.88489021719938	CHMP4B;CHMP5;CHMP6;FTH1;TNFSF10;VPS4A;VPS4B;SHARPIN;FADD;IFNGR1;SPATA2L;VDAC3;VDAC2;PYGB	58	KEGG_2021_Human
Non-homologous end-joining	2/13	0.231484658696884	0.999999999995123	2.40465868650922	3.51859680853056	FEN1;XRCC5	59	KEGG_2021_Human
Pyruvate metabolism	5/47	0.233624582589797	0.999999999995123	1.57521567828273	2.29042628961103	ACYP1;PDHA1;AKR1A1;ACAT2;MDH1	60	KEGG_2021_Human
Cell cycle	11/124	0.255799683008827	0.999999999995123	1.28863757385197	1.75687773330824	MAD2L2;FZR1;CDC26;CREBBP;ANAPC13;ANAPC10;ANAPC11;SKP1;CDK4;YWHAB;ANAPC1	61	KEGG_2021_Human
Chronic myeloid leukemia	7/76	0.286002634421598	0.999999999995123	1.34231884057971	1.68025332286693	BAD;CDK4;RELA;CRKL;CHUK;KRAS;CTBP1	62	KEGG_2021_Human
Pancreatic cancer	7/76	0.286002634421598	0.999999999995123	1.34231884057971	1.68025332286693	RALBP1;BAD;CDK4;RELA;CHUK;RPS6KB2;KRAS	62	KEGG_2021_Human
Longevity regulating pathway	9/102	0.289626887762803	0.999999999995123	1.28063131662744	1.58690937965302	RELA;CREB3;RHEB;EIF4EBP1;EIF4EBP2;ADIPOR1;ADIPOR2;RPS6KB2;KRAS	64	KEGG_2021_Human
Lysosome	11/128	0.289724090721287	0.999999999995123	1.24431219846693	1.54148657755878	AP1S1;ATP6V0D1;LAPTM4A;ATP6V0C;AP1S2;FUCA1;NPC2;GNPTG;CTSZ;PSAP;IDS	65	KEGG_2021_Human
Various types of N-glycan biosynthesis	4/39	0.293263569347902	0.999999999995123	1.51169941961104	1.85437676558261	ALG3;ALG1;STT3B;B4GALT3	66	KEGG_2021_Human
Fatty acid elongation	3/27	0.294964011401559	0.999999999995123	1.65322293447293	2.01842306370316	HADHB;HACD2;HACD3	67	KEGG_2021_Human
Salmonella infection	20/249	0.301318692874432	0.999999999995123	1.15633943385712	1.38712951427354	DYNC1LI1;ARPC5L;TNFSF10;SKP1;RAB5C;ACTR1A;FADD;DYNLL2;PKN1;TUBA1C;ELMO2;ARL8A;RELA;RPS3;MAP2K4;ARPC4;KLC2;CHUK;DCTN3;DCTN1	68	KEGG_2021_Human
Synaptic vesicle cycle	7/78	0.308720859202502	0.999999999995123	1.3043661971831	1.5330447814117	ATP6V1E1;ATP6V0D1;ATP6V0C;AP2B1;ATP6V1D;ATP6V1F;AP2M1	69	KEGG_2021_Human
Acute myeloid leukemia	6/67	0.331858586184075	0.999999999995123	1.30108470530417	1.4351567300675	BAD;RELA;CHUK;RPS6KB2;KRAS;EIF4EBP1	70	KEGG_2021_Human
Phosphonate and phosphinate metabolism	1/6	0.354506031441541	0.999999999995123	2.64409672830725	2.74200741655371	CEPT1	71	KEGG_2021_Human
Peroxisome	7/82	0.355050705638996	0.999999999995123	1.23453333333333	1.27835268280219	PEX19;PHYH;ECH1;PMVK;DHRS4;ECI2;HMGCL	72	KEGG_2021_Human
Renal cell carcinoma	6/69	0.357369107564756	0.999999999995123	1.25964447163591	1.29615667313633	BAD;CRKL;RAP1A;CREBBP;KRAS;ELOC	73	KEGG_2021_Human
Porphyrin and chlorophyll metabolism	4/43	0.358478705467537	0.999999999995123	1.35636091159969	1.3914716968525	ALAS1;HCCS;UROD;HMOX2	74	KEGG_2021_Human
HIF-1 signaling pathway	9/109	0.359308232688215	0.999999999995123	1.1905364806867	1.21860298771516	RELA;CREBBP;EIF4EBP1;ENO2;PDHA1;MKNK2;IFNGR1;RPS6KB2;ELOC	75	KEGG_2021_Human
Glycerophospholipid metabolism	8/98	0.384822030281518	0.999999999995123	1.1756333889286	1.1226996850846	ADPRM;PTDSS1;LYPLA2;LPIN2;AGPAT2;LPCAT1;CEPT1;CDIPT	76	KEGG_2021_Human
Tuberculosis	14/180	0.388330370186663	0.999999999995123	1.1156384331295	1.05528109094326	BAD;CALM1;RELA;ATP6V0D1;CREBBP;ATP6V0C;RFXANK;RAB5C;FADD;IFNGR1;NFYB;NFYC;CEBPB;CEBPG	77	KEGG_2021_Human
ErbB signaling pathway	7/85	0.390219947245264	0.999999999995123	1.18685897435897	1.1168873848928	BAD;CRKL;MAP2K4;RPS6KB2;KRAS;EIF4EBP1;NCK2	78	KEGG_2021_Human
Steroid biosynthesis	2/20	0.415723171918819	0.999999999995123	1.46896006326611	1.28935867816631	EBP;NSDHL	79	KEGG_2021_Human
Human cytomegalovirus infection	17/225	0.416234953350203	0.999999999995123	1.08102172108467	0.947521361398502	CALM1;CRKL;B2M;FADD;GNAI2;GNAI3;RELA;CREB3;GNB1;RHEB;GNB2;EIF4EBP1;CDK4;IRF3;CHUK;RPS6KB2;KRAS	80	KEGG_2021_Human
Oocyte meiosis	10/129	0.422803638050091	0.999999999995123	1.11126483521111	0.956629466732091	CALM1;MAD2L2;SLK;CDC26;ANAPC13;ANAPC10;ANAPC11;SKP1;YWHAB;ANAPC1	81	KEGG_2021_Human
Purine metabolism	10/129	0.422803638050091	0.999999999995123	1.11126483521111	0.956629466732091	ADPRM;HPRT1;AK2;AK6;NME3;GMPS;CANT1;GMPR2;PRPS1;PGM1	81	KEGG_2021_Human
Other types of O-glycan biosynthesis	4/47	0.423571993341045	0.999999999995123	1.22992259112533	1.05654259671997	GALNT1;B4GALT3;XXYLT1;B3GLCT	83	KEGG_2021_Human
Amino sugar and nucleotide sugar metabolism	4/48	0.439625739961218	0.999999999995123	1.20190500874749	0.987763402235855	GFPT1;CYB5R3;GMPPB;PGM1	84	KEGG_2021_Human
Valine, leucine and isoleucine degradation	4/48	0.439625739961218	0.999999999995123	1.20190500874749	0.987763402235855	HADHB;HSD17B10;ACAT2;HMGCL	84	KEGG_2021_Human
Pantothenate and CoA biosynthesis	2/21	0.440490863807671	0.999999999995123	1.39157145532871	1.14090153043834	PPCS;COASY	86	KEGG_2021_Human
Sulfur relay system	1/8	0.442159853049255	0.999999999995123	1.88843730948994	1.54112310277513	CTU2	87	KEGG_2021_Human
Cocaine addiction	4/49	0.455545598077102	0.999999999995123	1.17513265225311	0.92395916663877	RELA;CREB3;GNAI2;GNAI3	88	KEGG_2021_Human
Sphingolipid metabolism	4/49	0.455545598077102	0.999999999995123	1.17513265225311	0.92395916663877	DEGS1;UGCG;PSAP;CERS2	88	KEGG_2021_Human
Neurotrophin signaling pathway	9/119	0.461164833624846	0.999999999995123	1.08172063987515	0.837251497503133	BAD;CALM1;RELA;PRDM4;CRKL;SH2B1;PRKCD;RAP1A;KRAS	90	KEGG_2021_Human
Starch and sucrose metabolism	3/36	0.469567767722465	0.999999999995123	1.2017612017612	0.908462548191025	AGL;PYGB;PGM1	91	KEGG_2021_Human
Hepatitis B	12/162	0.469838305515732	0.999999999995123	1.05766308243728	0.79892344509763	BAD;RELA;MAP2K4;CREBBP;CREB3;IRF3;YWHAB;FADD;CHUK;DDB1;VDAC3;KRAS	92	KEGG_2021_Human
Cholesterol metabolism	4/50	0.471311174705426	0.999999999995123	1.14952431125848	0.86471441464267	NPC2;VAPA;VDAC3;VDAC2	93	KEGG_2021_Human
Cysteine and methionine metabolism	4/50	0.471311174705426	0.999999999995123	1.14952431125848	0.86471441464267	ADI1;SRM;MAT2B;MDH1	93	KEGG_2021_Human
N-Glycan biosynthesis	4/50	0.471311174705426	0.999999999995123	1.14952431125848	0.86471441464267	B4GALT3;ALG3;ALG1;STT3B	93	KEGG_2021_Human
Chemokine signaling pathway	14/192	0.484778845258322	0.999999999995123	1.03974930833945	0.752843464019567	BAD;RELA;CRKL;PREX1;PRKCD;GNB1;GNB2;GRK2;RAP1A;GRK6;CHUK;KRAS;GNAI2;GNAI3	96	KEGG_2021_Human
Apelin signaling pathway	10/137	0.499297096099323	0.999999999995123	1.04081299071689	0.722900802469642	CALM1;GNB1;GNB2;GABARAP;RPS6KB2;KRAS;BECN1;HDAC5;GNAI2;GNAI3	97	KEGG_2021_Human
Insulin signaling pathway	10/137	0.499297096099323	0.999999999995123	1.04081299071689	0.722900802469642	BAD;CALM1;CRKL;RHEB;EIF4EBP1;FLOT1;MKNK2;RPS6KB2;KRAS;PYGB	97	KEGG_2021_Human
Yersinia infection	10/137	0.499297096099323	0.999999999995123	1.04081299071689	0.722900802469642	ELMO2;RELA;ARPC5L;CRKL;MAP2K4;ARPC4;IRF3;CHUK;PKN1;WIPF2	97	KEGG_2021_Human
Aminoacyl-tRNA biosynthesis	5/66	0.49938066237844	0.999999999995123	1.0834639040247	0.752342842103133	IARS2;WARS2;FARSB;FARSA;MTFMT	100	KEGG_2021_Human
Glycolysis / Gluconeogenesis	5/67	0.512890507232825	0.999999999995123	1.06593115825319	0.711714658564202	PDHA1;TPI1;AKR1A1;ENO2;PGM1	101	KEGG_2021_Human
Glycosaminoglycan biosynthesis	4/53	0.517500516010536	0.999999999995123	1.07897071872227	0.71076630361411	B3GAT3;B4GALT3;CHPF2;B3GALT6	102	KEGG_2021_Human
RIG-I-like receptor signaling pathway	5/70	0.552461552021924	0.999999999995123	1.01656973554263	0.603203444903755	IRF3;RELA;FADD;CHUK;PIN1	103	KEGG_2021_Human
Bladder cancer	3/41	0.558122922888809	0.999999999995123	1.04335357624831	0.608458816250274	DAPK3;CDK4;KRAS	104	KEGG_2021_Human
Homologous recombination	3/41	0.558122922888809	0.999999999995123	1.04335357624831	0.608458816250274	RPA2;BABAM2;POLD2	104	KEGG_2021_Human
Epstein-Barr virus infection	14/202	0.562967506795235	0.999999999995123	0.983908906233294	0.565288496624714	PSMC4;PSMC3;PSMD6;PSMD3;PSMD4;PSMD2;B2M;SNW1;FADD;RELA;MAP2K4;CDK4;IRF3;CHUK	106	KEGG_2021_Human
Biosynthesis of unsaturated fatty acids	2/27	0.575590171646003	0.999999999995123	1.05725266903915	0.583983427808431	HACD2;HACD3	107	KEGG_2021_Human
Chagas disease	7/102	0.582803608760015	0.999999999995123	0.973578947368421	0.525640153819914	RELA;MAP2K4;FADD;IFNGR1;CHUK;GNAI2;GNAI3	108	KEGG_2021_Human
Inositol phosphate metabolism	5/73	0.590396224931802	0.999999999995123	0.971563732483007	0.511976584466118	TPI1;PIP4K2C;MTMR14;INPP5K;CDIPT	109	KEGG_2021_Human
Fatty acid degradation	3/43	0.590958509681984	0.999999999995123	0.99107905982906	0.521316968634186	HADHB;ECI2;ACAT2	110	KEGG_2021_Human
Butanoate metabolism	2/28	0.595658288771118	0.999999999995123	1.01653435532439	0.526654370348879	ACAT2;HMGCL	111	KEGG_2021_Human
Phototransduction	2/28	0.595658288771118	0.999999999995123	1.01653435532439	0.526654370348879	GNB1;CALM1	111	KEGG_2021_Human
GABAergic synapse	6/89	0.602800318050634	0.999999999995123	0.955083718170326	0.483434042366815	GNB1;GNB2;GABARAP;GNAI2;GNAI3;SLC38A5	113	KEGG_2021_Human
PD-L1 expression and PD-1 checkpoint pathway in cancer	6/89	0.602800318050634	0.999999999995123	0.955083718170326	0.483434042366815	RELA;IFNGR1;CHUK;RPS6KB2;CSNK2B;KRAS	113	KEGG_2021_Human
Morphine addiction	6/91	0.624631290987797	0.999999999995123	0.932510391736995	0.438833550733601	GRK2;GRK6;GNB1;GNB2;GNAI2;GNAI3	115	KEGG_2021_Human
Pertussis	5/76	0.626490430429461	0.999999999995123	0.930361053625605	0.435057091396092	IRF3;CALM1;RELA;GNAI2;GNAI3	116	KEGG_2021_Human
Pathogenic Escherichia coli infection	13/197	0.635294192639386	0.999999999995123	0.933024296675192	0.423282419328416	ARPC5L;TNFSF10;TMED10;FADD;TUBA1C;RELA;RPS3;ARPC4;NCL;TMBIM6;CHUK;WIPF2;NCK2	117	KEGG_2021_Human
Bacterial invasion of epithelial cells	5/77	0.63808593555996	0.999999999995123	0.917389839911238	0.412167025962284	ELMO2;MAD2L2;ARPC5L;CRKL;ARPC4	118	KEGG_2021_Human
Antigen processing and presentation	5/78	0.649456112790376	0.999999999995123	0.904774001915072	0.390518569106999	B2M;NFYB;NFYC;RFXANK;PSME3	119	KEGG_2021_Human
Circadian rhythm	2/31	0.651549312752709	0.999999999995123	0.911228371579335	0.390372233783691	FBXL3;SKP1	120	KEGG_2021_Human
Thiamine metabolism	1/15	0.665327923388033	0.999999999995123	0.943863035968299	0.384600818988681	AK2	121	KEGG_2021_Human
Apoptosis	9/142	0.675042159281293	0.999999999995123	0.893542870050663	0.351144594900015	BAD;RELA;TNFSF10;CTSZ;FADD;CHUK;KRAS;BECN1;TUBA1C	122	KEGG_2021_Human
Ether lipid metabolism	3/49	0.679576238612486	0.999999999995123	0.86152917131178	0.332796531323785	PAFAH1B3;LPCAT1;CEPT1	123	KEGG_2021_Human
Inflammatory bowel disease	4/65	0.67969692551903	0.999999999995123	0.86615332484255	0.33442896867907	RELA;IL2RG;TBX21;IFNGR1	124	KEGG_2021_Human
Fructose and mannose metabolism	2/33	0.685274046870325	0.999999999995123	0.852347606474572	0.322133230519198	TPI1;GMPPB	125	KEGG_2021_Human
Phosphatidylinositol signaling system	6/97	0.685777678603724	0.999999999995123	0.870743817210627	0.328446124263541	CALM1;PIP4K2C;IP6K1;MTMR14;PIP4P1;CDIPT	126	KEGG_2021_Human
Prostate cancer	6/97	0.685777678603724	0.999999999995123	0.870743817210627	0.328446124263541	BAD;RELA;CREBBP;CREB3;CHUK;KRAS	126	KEGG_2021_Human
Relaxin signaling pathway	8/129	0.694344973615474	0.999999999995123	0.87297302087087	0.318448652268978	RELA;MAP2K4;CREB3;GNB1;GNB2;KRAS;GNAI2;GNAI3	128	KEGG_2021_Human
Propanoate metabolism	2/34	0.70110668172384	0.999999999995123	0.825667259786477	0.293190495998323	SUCLG1;ACAT2	129	KEGG_2021_Human
Long-term potentiation	4/67	0.702659739204811	0.999999999995123	0.838565884895179	0.295915240009944	CALM1;RAP1A;CREBBP;KRAS	130	KEGG_2021_Human
Selenocompound metabolism	1/17	0.710793902971708	0.999999999995123	0.825791251778094	0.281902639164386	SEPHS1	131	KEGG_2021_Human
Nicotinate and nicotinamide metabolism	2/35	0.716271195044284	0.999999999995123	0.800603903806751	0.267158656303079	SIRT2;NADK	132	KEGG_2021_Human
Melanogenesis	6/101	0.72271667525831	0.999999999995123	0.833900597317705	0.270799218346156	CALM1;CREBBP;CREB3;KRAS;GNAI2;GNAI3	133	KEGG_2021_Human
Adipocytokine signaling pathway	4/69	0.724408226591519	0.999999999995123	0.812676133559954	0.262006945244989	RELA;ADIPOR1;ADIPOR2;CHUK	134	KEGG_2021_Human
Endocrine and other factor-regulated calcium reabsorption	3/53	0.730239832596246	0.999999999995123	0.792435897435897	0.249127789128191	AP2B1;ATP2B1;AP2M1	135	KEGG_2021_Human
Other glycan degradation	1/18	0.731156860411472	0.999999999995123	0.777173458288009	0.24335419470364	FUCA1	136	KEGG_2021_Human
Colorectal cancer	5/86	0.732003978643623	0.999999999995123	0.815061376164562	0.254274151210952	BAD;MSH2;APC;RPS6KB2;KRAS	137	KEGG_2021_Human
NOD-like receptor signaling pathway	11/181	0.734955231293362	0.999999999995123	0.853922973200742	0.262961900409689	RELA;PRKCD;GABARAP;IRF3;SHARPIN;FADD;CHUK;PKN1;SUGT1;VDAC3;VDAC2	138	KEGG_2021_Human
Growth hormone synthesis, secretion and action	7/119	0.740232077365674	0.999999999995123	0.825044642857143	0.248166435402334	CRKL;MAP2K4;CREBBP;CREB3;KRAS;GNAI2;GNAI3	139	KEGG_2021_Human
Cardiac muscle contraction	5/87	0.741254318321131	0.999999999995123	0.805078111408789	0.241049647336164	UQCRQ;UQCRC1;COX6A1;COX5A;CYC1	140	KEGG_2021_Human
AMPK signaling pathway	7/120	0.748031185080054	0.999999999995123	0.817699115044248	0.237386729370033	CREB3;RHEB;EIF4EBP1;ADIPOR1;ADIPOR2;RPS6KB2;CAB39	141	KEGG_2021_Human
Toll-like receptor signaling pathway	6/104	0.748360538613276	0.999999999995123	0.80824192632085	0.234285421504094	TOLLIP;RELA;MAP2K4;IRF3;FADD;CHUK	142	KEGG_2021_Human
Phagosome	9/152	0.750074790981797	0.999999999995123	0.830607161079264	0.238867964388799	ATP6V1E1;DYNC1LI1;ATP6V0D1;ATP6V0C;ATP6V1D;ATP6V1F;RAB5C;TUBA1C;SEC61A1	143	KEGG_2021_Human
Glycosaminoglycan degradation	1/19	0.750087012418331	0.999999999995123	0.733957641852379	0.211061309199849	IDS	144	KEGG_2021_Human
Gap junction	5/88	0.750267788534645	0.999999999995123	0.79533540724954	0.228519813332361	MAP3K2;KRAS;GNAI2;GNAI3;TUBA1C	145	KEGG_2021_Human
Estrogen signaling pathway	8/137	0.755898220801788	0.999999999995123	0.818480531498135	0.22905058211414	CALM1;PRKCD;CREB3;KRT10;KRAS;EBAG9;GNAI2;GNAI3	146	KEGG_2021_Human
Primary immunodeficiency	2/38	0.757917097202906	0.999999999995123	0.733768287860815	0.203386825743184	RFXANK;IL2RG	147	KEGG_2021_Human
p53 signaling pathway	4/73	0.764303296531582	0.999999999995123	0.765399196339108	0.205732096674272	SHISA5;CDK4;EI24;AIFM2	148	KEGG_2021_Human
One carbon pool by folate	1/20	0.767685109286726	0.999999999995123	0.695290858725762	0.183817968447502	MTFMT	149	KEGG_2021_Human
Measles	8/139	0.769825833397081	0.999999999995123	0.805897342158248	0.210815475605408	BAD;RELA;IL2RG;CSNK2B;CDK4;IRF3;FADD;CHUK	150	KEGG_2021_Human
Glutathione metabolism	3/57	0.774381231718644	0.999999999995123	0.73357866413422	0.187569446962959	G6PD;PGD;SRM	151	KEGG_2021_Human
Cellular senescence	9/156	0.776472316040647	0.999999999995123	0.807830428308662	0.204376485054573	HUS1;CALM1;RELA;RHEB;EIF4EBP1;CDK4;VDAC3;VDAC2;KRAS	152	KEGG_2021_Human
Hepatitis C	9/157	0.782747449378491	0.999999999995123	0.802328616169818	0.196526525156681	BAD;RELA;PSME3;CDK4;IRF3;YWHAB;FADD;CHUK;KRAS	153	KEGG_2021_Human
Th1 and Th2 cell differentiation	5/92	0.783982310272153	0.999999999995123	0.75860429271812	0.184620633321657	RELA;IL2RG;TBX21;IFNGR1;CHUK	154	KEGG_2021_Human
Endometrial cancer	3/58	0.78444308715396	0.999999999995123	0.72020202020202	0.174851551102883	BAD;APC;KRAS	155	KEGG_2021_Human
Human papillomavirus infection	20/331	0.791313520457682	0.999999999995123	0.847650553949513	0.198401961844639	ATP6V1E1;BAD;APC;TBPL1;ATP6V0D1;CREBBP;TUBG1;FADD;RELA;ATP6V0C;CREB3;RHEB;ATP6V1D;EIF4EBP1;ATP6V1F;CDK4;IRF3;CHUK;RPS6KB2;KRAS	156	KEGG_2021_Human
GnRH signaling pathway	5/93	0.791836095145342	0.999999999995123	0.749943262871223	0.175037401874647	MAP3K2;CALM1;MAP2K4;PRKCD;KRAS	157	KEGG_2021_Human
Rheumatoid arthritis	5/93	0.791836095145342	0.999999999995123	0.749943262871223	0.175037401874647	ATP6V1E1;ATP6V0D1;ATP6V0C;ATP6V1D;ATP6V1F	157	KEGG_2021_Human
IL-17 signaling pathway	5/94	0.799464877344527	0.999999999995123	0.741476862908526	0.165951922695659	RELA;FADD;JUND;CHUK;CEBPB	159	KEGG_2021_Human
TGF-beta signaling pathway	5/94	0.799464877344527	0.999999999995123	0.741476862908526	0.165951922695659	NBL1;CREBBP;TGIF1;RPS6KB2;SKP1	159	KEGG_2021_Human
Long-term depression	3/60	0.803452013828113	0.999999999995123	0.694856800119958	0.152060945280832	KRAS;GNAI2;GNAI3	161	KEGG_2021_Human
Mineral absorption	3/60	0.803452013828113	0.999999999995123	0.694856800119958	0.152060945280832	ATP2B1;FTH1;HMOX2	161	KEGG_2021_Human
TNF signaling pathway	6/112	0.808207100760036	0.999999999995123	0.746919316391257	0.159046714019063	RELA;MAP2K4;CREB3;FADD;CHUK;CEBPB	163	KEGG_2021_Human
Toxoplasmosis	6/112	0.808207100760036	0.999999999995123	0.746919316391257	0.159046714019063	BAD;RELA;IFNGR1;CHUK;GNAI2;GNAI3	163	KEGG_2021_Human
Glycerolipid metabolism	3/61	0.812415893163245	0.999999999995123	0.682839669908635	0.141855083868162	AKR1A1;LPIN2;AGPAT2	165	KEGG_2021_Human
Mannose type O-glycan biosynthesis	1/23	0.81339132385859	0.999999999995123	0.600381481960429	0.124004563657418	B4GALT3	166	KEGG_2021_Human
Proximal tubule bicarbonate reclamation	1/23	0.81339132385859	0.999999999995123	0.600381481960429	0.124004563657418	MDH1	166	KEGG_2021_Human
Renin-angiotensin system	1/23	0.81339132385859	0.999999999995123	0.600381481960429	0.124004563657418	ATP6AP2	166	KEGG_2021_Human
Cholinergic synapse	6/113	0.814839756681499	0.999999999995123	0.739898737217075	0.151504479002401	CREB3;GNB1;GNB2;KRAS;GNAI2;GNAI3	169	KEGG_2021_Human
Fat digestion and absorption	2/43	0.81558473002348	0.999999999995123	0.644110754274803	0.131301953324576	AGPAT2;ACAT2	170	KEGG_2021_Human
Circadian entrainment	5/97	0.821030959668627	0.999999999995123	0.717181976059046	0.141424312874174	CALM1;GNB1;GNB2;GNAI2;GNAI3	171	KEGG_2021_Human
Fc gamma R-mediated phagocytosis	5/97	0.821030959668627	0.999999999995123	0.717181976059046	0.141424312874174	ARPC5L;CRKL;PRKCD;ARPC4;RPS6KB2	171	KEGG_2021_Human
Vitamin digestion and absorption	1/24	0.826534358715223	0.999999999995123	0.574247015894613	0.109401976107396	LMBRD1	173	KEGG_2021_Human
AGE-RAGE signaling pathway in diabetic complications	5/100	0.840686623857181	0.999999999995123	0.694421503115849	0.120507346407614	RELA;PRKCD;DIAPH1;CDK4;KRAS	174	KEGG_2021_Human
Hepatocellular carcinoma	9/168	0.843439067044694	0.999999999995123	0.74637622479553	0.127083701812275	BAD;APC;SMARCB1;ACTL6A;CDK4;RPS6KB2;KRAS;SMARCD1;SMARCD2	175	KEGG_2021_Human
Folate biosynthesis	1/26	0.85011029932204	0.999999999995123	0.528250355618777	0.0857821389184186	CBR1	176	KEGG_2021_Human
Sphingolipid signaling pathway	6/119	0.850905924952812	0.999999999995123	0.700384680980084	0.113079700262338	DEGS1;RELA;CERS2;KRAS;GNAI2;GNAI3	177	KEGG_2021_Human
Thyroid hormone signaling pathway	6/121	0.86157209378434	0.999999999995123	0.6881295968718	0.10252893072181	BAD;CREBBP;MED27;RHEB;TBC1D4;KRAS	178	KEGG_2021_Human
Influenza A	9/172	0.861891831643926	0.999999999995123	0.727902261776245	0.108184838717137	CPSF4;RELA;CREBBP;TNFSF10;CDK4;IRF3;FADD;IFNGR1;CHUK	179	KEGG_2021_Human
C-type lectin receptor signaling pathway	5/104	0.864095463095656	0.999999999995123	0.666219974351215	0.0973161018066018	CALM1;RELA;PRKCD;CHUK;KRAS	180	KEGG_2021_Human
T cell receptor signaling pathway	5/104	0.864095463095656	0.999999999995123	0.666219974351215	0.0973161018066018	RELA;CDK4;CHUK;KRAS;NCK2	180	KEGG_2021_Human
Renin secretion	3/69	0.872343527068365	0.999999999995123	0.599812224812225	0.0819175429262303	CALM1;GNAI2;GNAI3	182	KEGG_2021_Human
Parathyroid hormone synthesis, secretion and action	5/106	0.874672373298724	0.999999999995123	0.652956879140125	0.08743477415948	JUND;CREB3;NACA;GNAI2;GNAI3	183	KEGG_2021_Human
Arginine and proline metabolism	2/50	0.875655580695198	0.999999999995123	0.54997034400949	0.0730264031497071	SRM;SAT2	184	KEGG_2021_Human
Central carbon metabolism in cancer	3/70	0.878500883332404	0.999999999995123	0.590827911723434	0.0765348821860261	G6PD;PDHA1;KRAS	185	KEGG_2021_Human
Glucagon signaling pathway	5/107	0.879693467093099	0.999999999995123	0.64652037705239	0.0828721230652995	CALM1;CREBBP;CREB3;PDHA1;PYGB	186	KEGG_2021_Human
Th17 cell differentiation	5/107	0.879693467093099	0.999999999995123	0.64652037705239	0.0828721230652995	RELA;IL2RG;TBX21;IFNGR1;CHUK	186	KEGG_2021_Human
Drug metabolism	5/108	0.884541940333986	0.999999999995123	0.640208855587718	0.0785442472067214	UCKL1;UCK1;HPRT1;NME3;GMPS	188	KEGG_2021_Human
Ascorbate and aldarate metabolism	1/30	0.888090057505172	0.999999999995123	0.455290135870898	0.0540348008270798	AKR1A1	189	KEGG_2021_Human
Melanoma	3/72	0.890028410464935	0.999999999995123	0.573640530162269	0.0668302087523217	BAD;CDK4;KRAS	190	KEGG_2021_Human
Non-small cell lung cancer	3/72	0.890028410464935	0.999999999995123	0.573640530162269	0.0668302087523217	BAD;CDK4;KRAS	190	KEGG_2021_Human
Galactose metabolism	1/31	0.895974748996921	0.999999999995123	0.44009009009009	0.0483408370341773	PGM1	192	KEGG_2021_Human
Glioma	3/75	0.905486082170935	0.999999999995123	0.549649810066477	0.0545710866183754	CDK4;CALM1;KRAS	193	KEGG_2021_Human
Thyroid hormone synthesis	3/75	0.905486082170935	0.999999999995123	0.549649810066477	0.0545710866183754	PDIA4;CREB3;TTF1	193	KEGG_2021_Human
FoxO signaling pathway	6/131	0.905826495126545	0.999999999995123	0.632736616702355	0.0625823955002387	CREBBP;GABARAP;FBXO25;TNFSF10;CHUK;KRAS	195	KEGG_2021_Human
Serotonergic synapse	5/113	0.906343127145331	0.999999999995123	0.61040444867121	0.0600255358311916	GNB1;GNB2;KRAS;GNAI2;GNAI3	196	KEGG_2021_Human
Regulation of lipolysis in adipocytes	2/55	0.906896241091407	0.999999999995123	0.497952058013832	0.048663476958479	GNAI2;GNAI3	197	KEGG_2021_Human
cGMP-PKG signaling pathway	8/167	0.90805691266774	0.999999999995123	0.662971304750473	0.0639424043728556	BAD;CALM1;CREB3;ATP2B1;VDAC3;VDAC2;GNAI2;GNAI3	198	KEGG_2021_Human
Dopaminergic synapse	6/132	0.909496259719092	0.999999999995123	0.627680908194827	0.0595445686616624	CALM1;CREB3;GNB1;GNB2;GNAI2;GNAI3	199	KEGG_2021_Human
Gastric acid secretion	3/76	0.910184489356316	0.999999999995123	0.542091090036296	0.0510150890368043	CALM1;GNAI2;GNAI3	200	KEGG_2021_Human
Glutamatergic synapse	5/114	0.910244619667586	0.999999999995123	0.604771689198916	0.0568738803957559	GNB1;GNB2;GRK2;GNAI2;GNAI3	201	KEGG_2021_Human
Hedgehog signaling pathway	2/56	0.912191022092093	0.999999999995123	0.488704362725715	0.0449147931742439	GRK2;KIF3A	202	KEGG_2021_Human
Pentose and glucuronate interconversions	1/34	0.916451399331222	0.999999999995123	0.400017242122505	0.0349000009749429	AKR1A1	203	KEGG_2021_Human
Legionellosis	2/57	0.917202287196582	0.999999999995123	0.479792947266257	0.0414671774826946	RELA;HSF1	204	KEGG_2021_Human
Choline metabolism in cancer	4/98	0.920713536820258	0.999999999995123	0.561077326701142	0.046348536587745	RHEB;EIF4EBP1;RPS6KB2;KRAS	205	KEGG_2021_Human
Cushing syndrome	7/155	0.925619633689424	0.999999999995123	0.623141891891892	0.048163815482562	APC;AIP;CREB3;CDK4;RAP1A;GNAI2;GNAI3	206	KEGG_2021_Human
VEGF signaling pathway	2/59	0.926428356991414	0.999999999995123	0.462908160079915	0.0353747762801324	BAD;KRAS	207	KEGG_2021_Human
Mucin type O-glycan biosynthesis	1/36	0.927812077856803	0.999999999995123	0.377118471855314	0.028256004647847	GALNT1	208	KEGG_2021_Human
B cell receptor signaling pathway	3/81	0.930640683303763	0.999999999995123	0.507204689896998	0.0364588993086128	RELA;CHUK;KRAS	209	KEGG_2021_Human
Alanine, aspartate and glutamate metabolism	1/37	0.932899655819911	0.999999999995123	0.366623202149518	0.0254647801728309	GFPT1	210	KEGG_2021_Human
Aldosterone-regulated sodium reabsorption	1/37	0.932899655819911	0.999999999995123	0.366623202149518	0.0254647801728309	KRAS	210	KEGG_2021_Human
Thyroid cancer	1/37	0.932899655819911	0.999999999995123	0.366623202149518	0.0254647801728309	KRAS	210	KEGG_2021_Human
Lipid and atherosclerosis	10/215	0.941739681476924	0.999999999995123	0.642072734256333	0.0385413078565943	BAD;CALM1;TNFSF10;RAP1A;ERO1A;RELA;MAP2K4;IRF3;CHUK;KRAS	213	KEGG_2021_Human
Platelet activation	5/124	0.942043158852696	0.999999999995123	0.553650846929357	0.0330552749509574	TLN1;VAMP8;RAP1A;GNAI2;GNAI3	214	KEGG_2021_Human
Lysine degradation	2/63	0.942044703803844	0.999999999995123	0.432460183186512	0.0258189753916	ACAT2;KMT5B	215	KEGG_2021_Human
Glycine, serine and threonine metabolism	1/40	0.94611157756737	0.999999999995123	0.338366706787759	0.0187437459647798	ALAS1	216	KEGG_2021_Human
Wnt signaling pathway	7/166	0.951908605815452	0.999999999995123	0.579685534591195	0.0285705268134097	TLE3;CTNNBIP1;APC;CREBBP;CSNK2B;CTBP1;SKP1	217	KEGG_2021_Human
Tryptophan metabolism	1/42	0.953441279686897	0.999999999995123	0.321826319258925	0.0153438549643347	ACAT2	218	KEGG_2021_Human
Alcoholism	8/186	0.954818991696809	0.999999999995123	0.591594316967979	0.0273514722780374	CALM1;CREB3;GNB1;GNB2;KRAS;HDAC5;GNAI2;GNAI3	219	KEGG_2021_Human
Fc epsilon RI signaling pathway	2/68	0.957158545231277	0.999999999995123	0.399590208131133	0.0174965496590849	MAP2K4;KRAS	220	KEGG_2021_Human
Retinol metabolism	2/68	0.957158545231277	0.999999999995123	0.399590208131133	0.0174965496590849	RDH11;DHRS4	220	KEGG_2021_Human
Amphetamine addiction	2/69	0.95969033681823	0.999999999995123	0.393604929091199	0.0161947222344344	CALM1;CREB3	222	KEGG_2021_Human
Small cell lung cancer	3/92	0.9614390685721	0.999999999995123	0.444252376836646	0.0174698191971831	CDK4;RELA;CHUK	223	KEGG_2021_Human
Prolactin signaling pathway	2/70	0.962078261920754	0.999999999995123	0.387795687670086	0.0149919789635733	RELA;KRAS	224	KEGG_2021_Human
Glycosphingolipid biosynthesis	1/45	0.962610728380777	0.999999999995123	0.299835122203543	0.0114255702265733	B4GALT3	225	KEGG_2021_Human
Adherens junction	2/71	0.964330013978099	0.999999999995123	0.38215483005828	0.0138805149269417	CREBBP;CSNK2B	226	KEGG_2021_Human
Type II diabetes mellitus	1/46	0.965246995239621	0.999999999995123	0.293156314208946	0.0103693072658306	PRKCD	227	KEGG_2021_Human
Ras signaling pathway	10/232	0.968521501032841	0.999999999995123	0.592356852199372	0.0189462946278455	BAD;CALM1;RAB5C;RAP1A;RALBP1;RELA;GNB1;GNB2;CHUK;KRAS	228	KEGG_2021_Human
Fluid shear stress and atherosclerosis	5/139	0.971000965902242	0.999999999995123	0.491275789384036	0.0144571735064175	CALM1;RELA;MAP2K4;CHUK;SUMO3	229	KEGG_2021_Human
cAMP signaling pathway	9/216	0.971255555047065	0.999999999995123	0.571810661193009	0.0166772340904508	BAD;CALM1;CREBBP;RAP1A;GNAI2;GNAI3;RELA;CREB3;ATP2B1	230	KEGG_2021_Human
Aldosterone synthesis and secretion	3/98	0.972265040241226	0.999999999995123	0.416059379217274	0.0117024341524724	CALM1;CREB3;ATP2B1	231	KEGG_2021_Human
Leishmaniasis	2/77	0.97536690418561	0.999999999995123	0.351468564650059	0.00876617667862592	RELA;IFNGR1	232	KEGG_2021_Human
Chemical carcinogenesis	10/239	0.975860349249834	0.999999999995123	0.574031064695714	0.0140269011679163	BAD;CBR1;GNAI2;GNAI3;RELA;AIP;CREB3;EIF4EBP1;RPS6KB2;KRAS	233	KEGG_2021_Human
Signaling pathways regulating pluripotency of stem cells	5/143	0.976047467229858	0.999999999995123	0.476932539436416	0.0115627807657351	PCGF5;PCGF6;APC;KRAS;PCGF1	234	KEGG_2021_Human
NF-kappa B signaling pathway	3/104	0.980166075440706	0.999999999995123	0.391216044681391	0.00783733154200863	RELA;CSNK2B;CHUK	235	KEGG_2021_Human
Osteoclast differentiation	4/127	0.981232560961198	0.999999999995123	0.428118607629412	0.00811104194398746	RELA;JUND;IFNGR1;CHUK	236	KEGG_2021_Human
Tight junction	6/169	0.981774201828086	0.999999999995123	0.484229056370778	0.00890687735502377	MYL6;ARPC5L;ARPC4;CDK4;RAP1A;TUBA1C	237	KEGG_2021_Human
Adrenergic signaling in cardiomyocytes	5/150	0.982960871496682	0.999999999995123	0.453736042107334	0.00779789165667516	CALM1;CREB3;ATP2B1;GNAI2;GNAI3	238	KEGG_2021_Human
Rap1 signaling pathway	8/210	0.983048707557573	0.999999999995123	0.52062647294036	0.00890094784504223	TLN1;CALM1;CRKL;RAP1A;GNAI2;GNAI3;RGS14;KRAS	239	KEGG_2021_Human
Natural killer cell mediated cytotoxicity	4/131	0.984784791141019	0.999999999995123	0.414544760664717	0.00635586155385489	MICB;TNFSF10;IFNGR1;KRAS	240	KEGG_2021_Human
Oxytocin signaling pathway	5/154	0.986019352825915	0.999999999995123	0.441459468257236	0.00621543894923429	MYL6;CALM1;KRAS;GNAI2;GNAI3	241	KEGG_2021_Human
Arachidonic acid metabolism	1/61	0.988399559848302	0.999999999995123	0.219689426268374	0.00256339118873373	CBR1	242	KEGG_2021_Human
Leukocyte transendothelial migration	3/114	0.988785508563343	0.999999999995123	0.355778855778856	0.00401241984472405	RAP1A;GNAI2;GNAI3	243	KEGG_2021_Human
PI3K-Akt signaling pathway	15/354	0.989822645536161	0.999999999995123	0.580243617129488	0.0059356008194649	BAD;IL2RG;MLST8;PKN1;RELA;CREB3;GNB1;RHEB;GNB2;EIF4EBP1;CDK4;YWHAB;CHUK;RPS6KB2;KRAS	244	KEGG_2021_Human
Basal cell carcinoma	1/63	0.989979009500514	0.999999999995123	0.212579727435415	0.00214100493108354	APC	245	KEGG_2021_Human
Herpes simplex virus 1 infection	23/498	0.990365661123025	0.999999999995123	0.633881959233343	0.00613664254743003	BAD;HCFC1;HCFC2;ZNF227;IFNGR1;ZSCAN32;ZNF688;ZNF317;SRSF8;EIF2B4;RHEB;EIF4EBP1;ZNF766;CHUK;ZNF836;B2M;FADD;ZNF585A;ALYREF;RELA;IRF3;ZNF195;ZNF184	246	KEGG_2021_Human
GnRH secretion	1/64	0.990686213875935	0.999999999995123	0.209194156562578	0.00195751981002394	KRAS	247	KEGG_2021_Human
Salivary secretion	2/93	0.991011762007502	0.999999999995123	0.289421610418052	0.00261315180198048	CALM1;ATP2B1	248	KEGG_2021_Human
Cortisol synthesis and secretion	1/65	0.991343542180337	0.999999999995123	0.205914384779516	0.00179024902177996	CREB3	249	KEGG_2021_Human
Inflammatory mediator regulation of TRP channels	2/98	0.993474998210111	0.999999999995123	0.274273428232503	0.00179549881788301	CALM1;PRKCD	250	KEGG_2021_Human
Breast cancer	4/147	0.9935671378148	0.999999999995123	0.367843133345628	0.00237392797119587	APC;CDK4;RPS6KB2;KRAS	251	KEGG_2021_Human
Viral protein interaction with cytokine and cytokine receptor	2/100	0.994263049561484	0.999999999995123	0.268646960563585	0.00154565221477765	IL2RG;TNFSF10	252	KEGG_2021_Human
Amoebiasis	2/102	0.994957575589241	0.999999999995123	0.263245551601423	0.00133075373475912	RELA;RAB5C	253	KEGG_2021_Human
Pancreatic secretion	2/102	0.994957575589241	0.999999999995123	0.263245551601423	0.00133075373475912	RAP1A;ATP2B1	253	KEGG_2021_Human
Regulation of actin cytoskeleton	7/218	0.995240262322982	0.999999999995123	0.435592417061611	0.00207825554788536	APC;ARPC5L;CRKL;PIP4K2C;DIAPH1;ARPC4;KRAS	255	KEGG_2021_Human
PPAR signaling pathway	1/74	0.995520893791102	0.999999999995123	0.180439992985054	0.000810025344984251	UBC	256	KEGG_2021_Human
Metabolism of xenobiotics by cytochrome P450	1/76	0.996131126623842	0.999999999995123	0.17560929350403	0.000680727795817817	CBR1	257	KEGG_2021_Human
Vascular smooth muscle contraction	3/133	0.996327225799064	0.999999999995123	0.303468113083498	0.00111662166367041	MYL6;CALM1;PRKCD	258	KEGG_2021_Human
Pathways in cancer	23/531	0.99668871202676	0.999999999995123	0.591625039825224	0.00196229153117258	BAD;CREBBP;CTBP1;IFNGR1;ELOC;MSH2;CDK4;CHUK;APC;CALM1;IL2RG;CRKL;SKP1;FADD;GNAI2;GNAI3;RALBP1;RELA;GNB1;GNB2;DAPK3;RPS6KB2;KRAS	259	KEGG_2021_Human
JAK-STAT signaling pathway	4/162	0.997207202941495	0.999999999995123	0.332650649151457	0.000930325465106501	PTPN2;IL2RG;CREBBP;IFNGR1	260	KEGG_2021_Human
MAPK signaling pathway	10/294	0.997557639750331	0.999999999995123	0.461476806436327	0.00112847123647178	CRKL;JUND;RAP1A;MAP3K2;RELA;MAP2K4;MAP3K11;MKNK2;CHUK;KRAS	261	KEGG_2021_Human
Insulin secretion	1/86	0.998140265728889	0.999999999995123	0.154865701614928	0.000288277195366766	CREB3	262	KEGG_2021_Human
Phospholipase D signaling pathway	3/148	0.998515992877363	0.999999999995123	0.271853816681403	0.000403732645481308	RHEB;AGPAT2;KRAS	263	KEGG_2021_Human
Gastric cancer	3/149	0.99860393316003	0.999999999995123	0.269977168949772	0.000377169511345217	APC;RPS6KB2;KRAS	264	KEGG_2021_Human
Focal adhesion	5/201	0.998816905954694	0.999999999995123	0.334744097353635	0.000396268205806835	BAD;TLN1;CRKL;RAP1A;DIAPH1	265	KEGG_2021_Human
Staphylococcus aureus infection	1/95	0.999038412324758	0.999999999995123	0.139970037226476	0.000134658215921555	KRT10	266	KEGG_2021_Human
Axon guidance	4/182	0.999112691639924	0.999999999995123	0.294953830876052	0.000261831179656498	KRAS;GNAI2;GNAI3;NCK2	267	KEGG_2021_Human
Hematopoietic cell lineage	1/99	0.999282818129597	0.999999999995123	0.13422794437832	9.63003847837636e-05	CD9	268	KEGG_2021_Human
Neutrophil extracellular trap formation	4/189	0.9994107219942	0.999999999995123	0.283685538710485	0.000167218922582627	RELA;VDAC3;VDAC2;HDAC5	269	KEGG_2021_Human
Hippo signaling pathway	3/163	0.999411061412304	0.999999999995123	0.246167200854701	0.000145020071759483	APC;MOB1A;YWHAB	270	KEGG_2021_Human
Systemic lupus erythematosus	2/135	0.999423373942957	0.999999999995123	0.19757579000883	0.000113960208131265	SSB;SNRPD1	271	KEGG_2021_Human
Protein digestion and absorption	1/103	0.999465136263199	0.999999999995123	0.128936211753549	6.89817535916494e-05	SLC3A2	272	KEGG_2021_Human
Calcium signaling pathway	5/240	0.999869408157835	0.999999999995123	0.278598961969223	3.63851275208893e-05	CALM1;ATP2B1;P2RX4;VDAC3;VDAC2	273	KEGG_2021_Human
Transcriptional misregulation in cancer	3/192	0.999905338947083	0.999999999995123	0.208067652512097	1.96968353410356e-05	RELA;CDK9;CEBPB	274	KEGG_2021_Human
Proteoglycans in cancer	3/205	0.99995889310284	0.999999999995123	0.19453964627232	7.99708560166709e-06	NUDT16L1;RPS6KB2;KRAS	275	KEGG_2021_Human
MicroRNAs in cancer	5/310	0.99999802369549	0.999999999995123	0.213839713757863	4.22612808331893e-07	APC;CRKL;CREBBP;KRAS;HDAC5	276	KEGG_2021_Human
Cytokine-cytokine receptor interaction	3/295	0.999999893047341	0.999999999995123	0.13392020840651	1.43231231274875e-08	IL2RG;TNFSF10;IFNGR1	277	KEGG_2021_Human
Neuroactive ligand-receptor interaction	2/341	0.999999999656066	0.999999999995123	0.076649975330415	2.63625320370687e-11	CHRNB1;P2RX4	278	KEGG_2021_Human
Olfactory transduction	3/440	0.999999999995123	0.999999999995123	0.0887754503315144	4.32946923503368e-13	CALM1;GNB1;GRK2	279	KEGG_2021_Human
Oxidative Phosphorylation	50/200	1.45312636057571e-15	6.97500653076339e-14	4.53033652665193	154.779214944032	ATP6V1E1;ECH1;FDX1;UQCRC1;SUCLG1;CYB5R3;GRPEL1;PDHA1;MRPS12;MRPS11;TIMM13;MRPL35;TIMM10;MRPL34;ATP5PF;ATP5PB;MRPS22;HADHB;PDP1;COX5A;HCCS;MDH1;PHYH;SDHD;SDHA;UQCRQ;TOMM22;COX6A1;ATP6V0C;ATP6V1D;MPC1;ATP6V1F;CYC1;NDUFS8;NDUFS3;ACO2;NDUFS2;NDUFB8;NDUFB6;NDUFB2;TIMM8B;NDUFA8;IDH3G;NDUFA5;NDUFA2;VDAC3;SLC25A11;VDAC2;ALAS1;HSD17B10	1	MSigDB_Hallmark_2020
Myc Targets V1	45/200	2.10561688579581e-12	5.05348052590993e-11	3.93022594855762	105.669676599118	SSB;MRPS18B;PSMC4;NOLC1;EXOSC7;SNRPD2;PSMD3;SNRPD1;RPL18;HPRT1;RPL6;PWP1;PRDX4;SYNCRIP;MRPL9;CSTF2;RPS10;PABPC4;C1QBP;RANBP1;PSMA2;PRPF31;COX5A;PSMB2;CCT7;CCT5;POLE3;FBL;RUVBL2;USP1;RPS3;TXNL4A;NOP16;EIF2S2;PHB;CYC1;NAP1L1;CDK4;DDX18;VDAC3;SNRPA1;EIF3B;DDX21;SRM;POLD2	2	MSigDB_Hallmark_2020
DNA Repair	35/150	2.03371472054529e-10	3.25394355287247e-09	4.09893522626442	91.4717848031679	ALYREF;GTF2F1;POLE4;VPS28;GTF2B;HPRT1;TSG101;ARL6IP1;MPC2;NELFE;NELFB;NME3;GTF2A2;SUPT4H1;MRPL40;ZNRD1;SNAPC5;TMED2;SF3A3;TAF12;RPA2;TAF10;SSRP1;DDB1;ERCC1;POLR1C;TAF6;FEN1;CANT1;GMPR2;POLB;POLR2C;SEC61A1;POLR2J;POLR2K	3	MSigDB_Hallmark_2020
Myc Targets V2	18/58	4.7906821727824e-08	5.74881860733888e-07	6.01069114470842	101.304236197501	IMP4;LAS1L;CDK4;DCTPP1;NIP7;NOLC1;TBRG4;EXOSC5;PES1;DDX18;NOP16;NDUFAF4;FARSA;MPHOSPH10;PHB;WDR43;RABEPK;SRM	4	MSigDB_Hallmark_2020
Unfolded Protein Response	24/113	8.81002137018207e-07	8.45762051537479e-06	3.60798459626118	50.3032637114097	IMP3;YIF1A;PREB;DCP1A;ATP6V0D1;NOLC1;SDAD1;KHSRP;EXOSC5;EXOSC4;EXOSC1;SRPRB;EIF4EBP1;POP4;SRPRA;EDC4;RPS14;NFYB;SPCS3;EIF4A3;CEBPB;ERO1A;CEBPG;DCTN1	5	MSigDB_Hallmark_2020
mTORC1 Signaling	31/200	2.69675904826159e-05	0.000215740723860927	2.45606852896656	25.8399894086343	PSMC4;CD9;ARPC5L;TUBG1;SLC6A6;PSME3;HPRT1;NMT1;PNO1;TPI1;EEF1E1;ADIPOR2;NFYC;PSMA3;TCEA1;TOMM40;ERO1A;PSMB5;G6PD;PDAP1;PPP1R15A;EIF2S2;ATP6V1D;EBP;CYB5B;PSMG1;NUFIP1;GMPS;RDH11;TRIB3;PGM1	6	MSigDB_Hallmark_2020
Adipogenesis	30/200	6.73755876437008e-05	0.000462004029556806	2.36101499423299	22.6780868748518	ECH1;UQCRC1;PREB;SUCLG1;GHITM;TALDO1;UCK1;NMT1;GRPEL1;ADIPOR2;IFNGR1;PHYH;APLP2;UQCRQ;COX6A1;CHCHD10;REEP5;AK2;UBC;CYC1;NDUFS3;ACO2;SLC25A1;IDH3G;CHUK;NDUFA5;MTCH2;RNF11;DDT;PGM1	7	MSigDB_Hallmark_2020
Fatty Acid Metabolism	24/158	0.000285549368008736	0.00171329620805242	2.39052028361447	19.5092646307043	ECH1;SDHD;SDHA;SUCLG1;UBE2L6;NCAPH2;OSTC;ECI2;ENO2;UROD;PDHA1;ACO2;ADIPOR2;ACAT2;RDH11;CBR1;IDH3G;CCDC58;HADHB;HCCS;HSD17B10;HMGCL;NSDHL;MDH1	8	MSigDB_Hallmark_2020
E2F Targets	28/200	0.000375627062309672	0.00200334433231825	2.1745956793767	17.1508485912185	HUS1;PHF5A;CCP110;ASF1A;NOLC1;EXOSC8;RACGAP1;TIPIN;TUBG1;POP7;PRDX4;SYNCRIP;LYAR;RANBP1;RPA2;MSH2;UBE2S;POLE4;TBRG4;USP1;RNASEH2A;AK2;NAP1L1;CDK4;DCTPP1;SSRP1;PRPS1;POLD2	9	MSigDB_Hallmark_2020
Glycolysis	24/200	0.00725708592724308	0.0348340124507668	1.81591402090317	8.94478736951892	PSMC4;POLR3K;TALDO1;ALG1;ENO2;ARPP19;TPI1;AKR1A1;ERO1A;PYGB;NSDHL;MDH1;G6PD;AGL;B3GAT3;NDUFV3;CHPF2;B3GALT6;COPB2;FAM162A;GFPT1;HAX1;GMPPB;PRPS1	10	MSigDB_Hallmark_2020
Protein Secretion	13/96	0.0168269107464047	0.0734265196206749	2.07973933034865	8.49526897840685	SCAMP3;TMX1;TMED10;VPS4B;SNX2;TMED2;AP2B1;ARCN1;VAMP4;TSG101;COPB2;RAB22A;AP2M1	11	MSigDB_Hallmark_2020
UV Response Up	18/158	0.0292393331931952	0.116957332772781	1.70808392471459	6.03336312911381	KLHDC3;PDAP1;POLE3;PSMC3;GRINA;PRKCD;ENO2;GRPEL1;UROD;ATP6V1F;CYB5B;CDC5L;TMBIM6;CDC34;FEN1;ALAS1;CEBPG;DDX21	12	MSigDB_Hallmark_2020
p53 Pathway	21/200	0.0428938630798565	0.158377340602547	1.5586592178771	4.90825920499501	HEXIM1;CCP110;EI24;RPL18;VAMP8;IER5;RPS12;FUCA1;BLCAP;SERTAD3;NUDT15;PPP1R15A;NDRG1;MXD4;FAM162A;TPRKB;SLC3A2;PITPNC1;MKNK2;TRIB3;SEC61A1	13	MSigDB_Hallmark_2020
Reactive Oxygen Species Pathway	7/49	0.0541909717874349	0.18579761755692	2.20845238095238	6.43817083165046	G6PD;SELENOS;NDUFS2;PTPA;LAMTOR5;PRDX4;HMOX2	14	MSigDB_Hallmark_2020
Pperoxisome	12/104	0.0613289312952294	0.196252580144734	1.72987377279102	4.82894883830454	ECH1;MSH2;SLC35B2;FIS1;CTBP1;ECI2;ITGB1BP1;VPS4B;RDH11;ERCC1;MVP;HMGCL	15	MSigDB_Hallmark_2020
Androgen Response	10/100	0.165076105887085	0.476881540972224	1.47164558975583	2.6509468164335	NDRG1;B2M;TMEM50A;XRCC5;SRP19;PMEPA1;RAB4A;SPCS3;VAPA;GNAI3	16	MSigDB_Hallmark_2020
G2-M Checkpoint	18/200	0.168895545760996	0.476881540972224	1.31092018133055	2.33143854344294	HUS1;KIF20B;NOLC1;RACGAP1;SNRPD1;SYNCRIP;DTYMK;PRMT5;RPA2;TLE3;UBE2S;PURA;ODF2;NCL;CBX1;NUP50;CDK4;RBM14	17	MSigDB_Hallmark_2020
Notch Signaling	4/32	0.18500139421526	0.493337051240693	1.89033703288871	3.18973943089971	PSENEN;DTX2;APH1A;SKP1	18	MSigDB_Hallmark_2020
PI3K/AKT/mTOR  Signaling	10/105	0.203556135741464	0.514247079767909	1.39381381155107	2.21869158711784	IL2RG;CSNK2B;PIN1;AP2M1;CDK4;YWHAB;GRK2;MKNK2;TRIB3;CAB39	19	MSigDB_Hallmark_2020
Mitotic Spindle	17/199	0.236688785110608	0.568053084265459	1.23720056921496	1.78281733291372	PCGF5;APC;KIF20B;RACGAP1;PREX1;ARFIP2;KIFAP3;MAP1S;DYNLL2;RANBP9;MAPRE1;TUBD1;RALBP1;ARL8A;KATNB1;MAP3K11;NCK2	20	MSigDB_Hallmark_2020
Cholesterol Homeostasis	7/74	0.263706868497816	0.602758556566436	1.38253731343284	1.842807680833	ECH1;CD9;ACAT2;PMVK;TRIB3;EBP;NSDHL	21	MSigDB_Hallmark_2020
TGF-beta Signaling	5/54	0.330325752583494	0.720710732909442	1.34967539084107	1.49500301443347	CDK9;APC;PPP1R15A;TGIF1;PMEPA1	22	MSigDB_Hallmark_2020
Interferon Alpha Response	7/97	0.528627918173541	0.999943289884474	1.02794444444444	0.655284220830705	PSMB9;IFITM3;UBE2L6;MVB12A;B2M;PSMA3;OGFR	23	MSigDB_Hallmark_2020
Interferon Gamma Response	14/200	0.547642188038445	0.999943289884474	0.994596639109526	0.598879604132533	PSMB9;IFITM3;UBE2L6;B2M;VAMP8;TNFSF10;PSMA2;PSMA3;OGFR;PSMB2;PTPN2;LYSMD2;MVP;SAMHD1	24	MSigDB_Hallmark_2020
Apoptosis	11/161	0.584669820767955	0.999943289884474	0.968829990448902	0.519978806545465	RELA;IFITM3;CREBBP;ENO2;EBP;TNFSF10;ANXA1;DAP;PEA15;IFNGR1;VDAC2	25	MSigDB_Hallmark_2020
Complement	13/200	0.656812044048042	0.999943289884474	0.917906382586946	0.385848725323944	PSMB9;FDX1;CALM1;PRKCD;EHD1;CSRP1;RABIF;PDP1;GNAI2;GNAI3;PRDM4;GNB2;CEBPB	26	MSigDB_Hallmark_2020
IL-6/JAK/STAT3 Signaling	5/87	0.741254318321131	0.999943289884474	0.805078111408789	0.241049647336164	PTPN2;HAX1;CD9;IL2RG;IFNGR1	27	MSigDB_Hallmark_2020
Hypoxia	12/200	0.756415280554809	0.999943289884474	0.842141386410432	0.235096181783921	SLC6A6;ENO2;TPI1;IDS;ERO1A;PPP1R15A;NDRG1;B3GALT6;FAM162A;SLC25A1;KLF6;PGM1	28	MSigDB_Hallmark_2020
Xenobiotic Metabolism	12/200	0.756415280554809	0.999943289884474	0.842141386410432	0.235096181783921	ECH1;SLC6A6;HPRT1;NMT1;ARPP19;CBR1;PGD;ACO2;TMBIM6;LPIN2;ALAS1;DDT	28	MSigDB_Hallmark_2020
heme Metabolism	12/200	0.756415280554809	0.999943289884474	0.842141386410432	0.235096181783921	TMEM9B;SLC10A3;ENDOD1;ADIPOR1;TCEA1;SLC25A38;UROD;RAD23A;ATG4A;LPIN2;GMPS;RBM38	28	MSigDB_Hallmark_2020
Pancreas Beta Cells	2/40	0.782651384913043	0.999943289884474	0.695073983892115	0.170340330009539	SRPRB;SRP14	31	MSigDB_Hallmark_2020
Apical Surface	2/44	0.825528169465365	0.999943289884474	0.628740891374343	0.120549680730611	IL2RG;ADIPOR2	32	MSigDB_Hallmark_2020
Hedgehog Signaling	1/36	0.927812077856803	0.999943289884474	0.377118471855314	0.028256004647847	TLE3	33	MSigDB_Hallmark_2020
Coagulation	6/138	0.929011661181516	0.999943289884474	0.598955291674778	0.0441034666668893	CD9;GNB2;ANXA1;SIRT2;CSRP1;RABIF	34	MSigDB_Hallmark_2020
IL-2/STAT5 Signaling	9/199	0.945238305911543	0.999943289884474	0.623548678563361	0.0351171439975864	IFITM3;CDC42SE2;TNFSF10;CTSZ;IFNGR1;NDRG1;GLIPR2;KLF6;P2RX4	35	MSigDB_Hallmark_2020
TNF-alpha Signaling via NF-kB	9/200	0.947210541539257	0.999943289884474	0.620250320203132	0.0336385850056968	EHD1;IER5;RELA;PPP1R15A;TGIF1;PMEPA1;ATP2B1;KLF6;CEBPB	36	MSigDB_Hallmark_2020
Wnt-beta Catenin Signaling	1/42	0.953441279686897	0.999943289884474	0.321826319258925	0.0153438549643347	HDAC5	37	MSigDB_Hallmark_2020
Spermatogenesis	5/135	0.964983542870699	0.999943289884474	0.506501700866894	0.0180538640371364	TALDO1;RAD17;PSMG1;IP6K1;VDAC3	38	MSigDB_Hallmark_2020
Estrogen Response Early	8/200	0.974233623518346	0.999943289884474	0.548040266857279	0.0143061221678537	NBL1;UNC119;ENDOD1;UGCG;MICB;ARL3;BAG1;CANT1	39	MSigDB_Hallmark_2020
Allograft Rejection	8/200	0.974233623518346	0.999943289884474	0.548040266857279	0.0143061221678537	IL2RG;B2M;RPL39;IFNGR1;DEGS1;GALNT1;RPS3A;CSK	39	MSigDB_Hallmark_2020
Bile Acid Metabolism	3/112	0.987417600182025	0.999943289884474	0.362346114639693	0.00458810931489312	PEX19;PHYH;SLC35B2	41	MSigDB_Hallmark_2020
Estrogen Response Late	7/200	0.988956102615229	0.999943289884474	0.476683937823834	0.00529373432822159	CD9;NBL1;HPRT1;MICB;RNASEH2A;ARL3;BAG1	42	MSigDB_Hallmark_2020
Inflammatory Response	7/200	0.988956102615229	0.999943289884474	0.476683937823834	0.00529373432822159	TNFSF10;GNAI3;SELENOS;RELA;ATP2B1;KLF6;P2RX4	42	MSigDB_Hallmark_2020
UV Response Dn	4/144	0.992421732668487	0.999943289884474	0.375786579778027	0.00285865672677161	SFMBT1;DYRK1A;NR1D2;ATP2B1	44	MSigDB_Hallmark_2020
Myogenesis	6/200	0.995932913389854	0.999943289884474	0.406167906576304	0.00165528844139126	SIRT2;AGL;CHRNB1;SH2B1;BAG1;HDAC5	45	MSigDB_Hallmark_2020
Epithelial Mesenchymal Transition	4/200	0.999692551784148	0.999943289884474	0.267604404555835	8.22871469012811e-05	ENO2;FUCA1;PPIB;PMEPA1	46	MSigDB_Hallmark_2020
KRAS Signaling Up	4/200	0.999692551784148	0.999943289884474	0.267604404555835	8.22871469012811e-05	IL2RG;FUCA1;ERO1A;PPP1R15A	46	MSigDB_Hallmark_2020
Apical Junction	3/200	0.999943289884474	0.999943289884474	0.199531433033971	1.13157714808988e-05	TUBG1;GNAI2;GTF2F1	48	MSigDB_Hallmark_2020
