Term	Overlap	P.value	Adjusted.P.value	Odds.Ratio	Combined.Score	Genes	Rank	Database
Ribosome	61/158	1.07727274909208e-53	2.75781823767571e-51	24.7328388232336	3016.48076716461	RPS8;RPL21;RPS9;RPS6;RPL26;RPL28;RPL27;RPL29;RPL11;RPL10;RPL13;RPL14;RPS5;RPL17;RPS2;RPS3;RPL19;RPL18;RPL41;RPS27;RPS29;RPS28;RPL27A;RPS21;RPS20;RPS23;RPS25;RPL5;RPL3;RPL30;RPL4;RPL32;RPL35;RPL34;RPL9;RPL8;RPS16;RPS15;MRPL3;RPS18;RPL37;RPL36;RPL39;RPS10;RPL38;RPS12;RPS14;RPS13;RPL13A;RPS3A;RPL36A;RPS15A;RPS27A;RPL35A;RPL23A;RPLP0;RPLP2;RPL10A;RPS4X;RPL18A;RPL7A	1	KEGG_2021_Human
Coronavirus disease	63/232	1.44999194031392e-44	1.85598968360182e-42	14.6662721893491	1480.4455766385	RPL21;RPL26;RPL28;RPL27;RPL29;RPL11;RPL10;RPL13;RPL14;RPL17;RPL19;RPL18;RPL41;RPS27;RPS29;RPS28;RPL27A;RPS21;RPS20;RPS23;RPS25;RPL5;RPL3;RPL30;RPL4;RPL32;RPL35;RPL34;RPL9;RPL8;RPS16;RPS15;RPS18;RPL37;RPL36;RPL39;RPS10;RPL38;RPS12;RPS14;RPS13;RPS15A;RPS27A;RPLP0;RPLP2;RPL18A;RPS8;RPS9;RPS6;RELA;RPS5;RPS2;RPS3;MYD88;RPL13A;RPS3A;PIK3CB;RPL36A;RPL35A;RPL23A;RPL10A;RPS4X;RPL7A	2	KEGG_2021_Human
FoxO signaling pathway	13/131	7.09512594649015e-05	0.00605450747433826	3.94345574387947	37.6738730773987	TGFB1;S1PR1;S1PR4;GABARAPL1;PLK3;IL7R;PIK3CB;SGK3;CDKN2D;PRMT1;KLF2;KRAS;BNIP3	3	KEGG_2021_Human
Shigellosis	18/246	0.000179620793981059	0.0114957308147878	2.83605509099852	24.4600183582363	ACTN1;PLCD1;PFN1;GABARAPL1;SKP1;RPS27A;CD44;RELA;CAPN2;CAST;MYD88;ARPC2;PXN;ITGA5;TNIP1;PIK3CB;TRADD;BNIP3	4	KEGG_2021_Human
Thyroid cancer	6/37	0.000487435500045309	0.0215479877833737	6.87008315150085	52.3936763939132	TCF7L2;TCF7;KRAS;LEF1;CDH1;MYC	5	KEGG_2021_Human
Acute myeloid leukemia	8/67	0.000505030963672822	0.0215479877833737	4.82363551547193	36.6156905358877	PIK3CB;RARA;LEF1;RELA;MYC;TCF7L2;TCF7;KRAS	6	KEGG_2021_Human
Salmonella infection	17/249	0.000597654630484762	0.021857083629157	2.62685762995368	19.4978442223155	PFN1;LEF1;AHNAK;MYC;S100A10;SKP1;ANXA2;RELA;FLNA;RPS3;MYD88;ARPC2;TCF7;PIK3CB;TRADD;TCF7L2;DYNLT3	7	KEGG_2021_Human
Human immunodeficiency virus 1 infection	15/212	0.000856664924735346	0.0274132775915311	2.72441643235899	19.2410921630166	CALM1;APOBEC3G;SKP1;NFATC2;CXCR4;BID;RELA;PDIA3;MYD88;PXN;PIK3CB;GNAO1;TRADD;KRAS;SAMHD1	8	KEGG_2021_Human
Endometrial cancer	7/58	0.00105494978686736	0.0300074606042272	4.87581699346405	33.4201276666379	PIK3CB;LEF1;CDH1;MYC;TCF7L2;TCF7;KRAS	9	KEGG_2021_Human
Leukocyte transendothelial migration	10/114	0.00125144115748616	0.0320368936316456	3.42523728573452	22.8924345599116	ACTN1;NCF1;JAM3;EZR;PXN;F11R;CD99;PIK3CB;SIPA1;CXCR4	10	KEGG_2021_Human
Chemokine signaling pathway	13/192	0.00272652987974421	0.0526718497012531	2.59139250982826	15.3014616526454	NCF1;RELA;CXCL16;PXN;RASGRP2;PIK3CB;GRK6;GRK5;CCR7;KRAS;CXCR5;CXCR4;CXCR3	11	KEGG_2021_Human
Cell adhesion molecules	11/148	0.00276836702634653	0.0526718497012531	2.86058663506343	16.8474182756787	CD6;CDH1;JAM3;SELL;F11R;ICAM2;CD99;CD28;ITGA6;SELPLG;CD58	12	KEGG_2021_Human
Kaposi sarcoma-associated herpesvirus infection	13/193	0.00285185672086418	0.0526718497012531	2.5768621399177	15.099858155319	CALM1;LEF1;MYC;GABARAPL1;NFATC2;RPS27A;BID;RELA;TCF7;PIK3CB;TRADD;TCF7L2;KRAS	13	KEGG_2021_Human
Th17 cell differentiation	9/107	0.00288049178053728	0.0526718497012531	3.26645033013205	19.1080623339021	TGFB1;IL23A;RELA;IL27RA;STAT6;NFATC2;RARA;LAT;IFNGR2	14	KEGG_2021_Human
PD-L1 expression and PD-1 checkpoint pathway in cancer	8/89	0.00322623263103292	0.0550610369029619	3.50952542756824	20.1321827125842	NFATC2;PIK3CB;CD28;LAT;RELA;IFNGR2;MYD88;KRAS	15	KEGG_2021_Human
Pathways in cancer	26/531	0.00372135022878014	0.0595416036604823	1.85053450316569	10.3512769505142	LEF1;MYC;STAT6;GSTM3;RARA;IFNGR2;STAT4;BID;CDH1;NOTCH2;PIK3CB;ITGA6;IL23A;CALM1;FLT3LG;MGST3;SKP1;CXCR4;TGFB1;RELA;CCND3;TCF7;IL7R;RASGRP2;TCF7L2;KRAS	16	KEGG_2021_Human
Leishmaniasis	7/77	0.00538878244235225	0.0781138640535607	3.5489010989011	18.5374570915979	TGFB1;EEF1A1;NCF1;RELA;MARCKSL1;IFNGR2;MYD88	17	KEGG_2021_Human
Hepatitis B	11/162	0.00549238106626599	0.0781138640535607	2.59348500769776	13.4975162772468	TGFB1;RELA;MYC;STAT6;MYD88;NFATC2;PIK3CB;YWHAQ;STAT4;KRAS;BID	18	KEGG_2021_Human
Sphingolipid signaling pathway	9/119	0.0058191722656307	0.078405689473761	2.90830548128342	14.9678769914165	RELA;S1PR1;S1PR4;PPP2R5C;PIK3CB;TRADD;KRAS;SMPD2;BID	19	KEGG_2021_Human
Hematopoietic cell lineage	8/99	0.00616211253837984	0.0788750404912619	3.12225022683738	15.8901792805289	CD5;FLT3LG;IL7R;ITGA5;ITGA6;CD44;CD59;CD55	20	KEGG_2021_Human
NF-kappa B signaling pathway	8/104	0.00823258033033375	0.100359074503116	2.95886850152905	14.201550323534	RELA;TNFSF14;MYD88;LAT;TRADD;LTB;TNFRSF13C;ERC1	21	KEGG_2021_Human
Inflammatory bowel disease	6/65	0.00904928711299837	0.105300795496708	3.60449911690887	16.9594181239314	TGFB1;IL23A;RELA;STAT6;IFNGR2;STAT4	22	KEGG_2021_Human
Colorectal cancer	7/86	0.00975079790840086	0.108530620197853	3.14313534566699	14.5539932680559	TGFB1;PIK3CB;LEF1;MYC;TCF7L2;TCF7;KRAS	23	KEGG_2021_Human
Mitophagy	6/68	0.0111930878812597	0.119392937400104	3.42955711505573	15.4071441947906	TOMM7;RELA;RPS27A;GABARAPL1;KRAS;BNIP3	24	KEGG_2021_Human
Proteoglycans in cancer	12/205	0.0119449114690547	0.12231589344312	2.21282790457127	9.79718470645318	MYC;ANK3;EZR;CD44;TGFB1;RPS6;FLNA;PXN;ITGA5;PIK3CB;PLAUR;KRAS	25	KEGG_2021_Human
Adherens junction	6/71	0.013672884093623	0.131034444101495	3.27076360568134	14.0392316489675	ACTN1;LEF1;CDH1;TCF7L2;TCF7;SSX2IP	26	KEGG_2021_Human
Th1 and Th2 cell differentiation	7/92	0.0138200390263296	0.131034444101495	2.92036199095023	12.5039259726461	NFATC2;LAT;RELA;STAT6;IFNGR2;STAT4;NOTCH2	27	KEGG_2021_Human
JAK-STAT signaling pathway	10/162	0.0148197565854513	0.135494917352698	2.3377677619463	9.84619642949036	IL23A;IL27RA;CCND3;MYC;STAT6;PIAS2;IL7R;PIK3CB;IFNGR2;STAT4	28	KEGG_2021_Human
Hippo signaling pathway	10/163	0.015412702290903	0.136056958154178	2.32236786672926	9.69022689604283	TGFB1;LEF1;NKD1;CCND3;CDH1;MYC;PRKCI;TCF7;YWHAQ;TCF7L2	29	KEGG_2021_Human
Prostate cancer	7/97	0.0180390433654817	0.15393317005211	2.75740740740741	11.0715885308797	SPINT1;LEF1;RELA;TCF7;PIK3CB;TCF7L2;KRAS	30	KEGG_2021_Human
Hepatocellular carcinoma	10/168	0.0186453100931526	0.153974173672486	2.24829242138145	8.95306157426295	TGFB1;LEF1;MYC;TCF7;MGST3;GSTM3;PIK3CB;TCF7L2;KRAS;SMARCD3	31	KEGG_2021_Human
Arrhythmogenic right ventricular cardiomyopathy	6/77	0.0197348617271569	0.157878893817255	2.99343409635142	11.750332137252	ITGA5;ITGA6;LEF1;LMNA;TCF7L2;TCF7	32	KEGG_2021_Human
Human cytomegalovirus infection	12/225	0.0230863947598771	0.179094456319047	2.00296789982036	7.54820817831343	CALM1;MYC;NFATC2;CXCR4;BID;RELA;PDIA3;PXN;PIK3CB;GNAO1;TRADD;KRAS	33	KEGG_2021_Human
Epstein-Barr virus infection	11/202	0.0252523579866233	0.185486732638178	2.04609648190723	7.5272528692455	VIM;MYC;CD44;CD58;BID;RELA;CCND3;PDIA3;MYD88;PIK3CB;TRADD	34	KEGG_2021_Human
C-type lectin receptor signaling pathway	7/104	0.0253595142278759	0.185486732638178	2.55749405233941	9.39777098135792	IL23A;CALM1;RELA;PLK3;NFATC2;PIK3CB;KRAS	35	KEGG_2021_Human
Ferroptosis	4/41	0.0261193048775832	0.185737279129481	3.82218283857628	13.9321644670681	PRNP;GCLM;PCBP1;FTH1	36	KEGG_2021_Human
Cellular senescence	9/156	0.0296424252613765	0.205093536943578	2.17211884753902	7.64270585595663	TGFB1;CALM1;RELA;CCND3;MYC;CAPN2;NFATC2;PIK3CB;KRAS	37	KEGG_2021_Human
HIF-1 signaling pathway	7/109	0.0316876551263091	0.211795447192318	2.43149824032177	8.39311395624152	RPS6;RELA;ENO2;PIK3CB;LDHA;TIMP1;IFNGR2	38	KEGG_2021_Human
Rap1 signaling pathway	11/210	0.0322657126582048	0.211795447192318	1.96302545940032	6.74053894639819	PFN1;CALM1;PRKCI;SIPA1;RGS14;CDH1;RASGRP2;PIK3CB;GNAO1;LAT;KRAS	39	KEGG_2021_Human
Yersinia infection	8/137	0.0367187896206568	0.23479335032576	2.19819358509352	7.26385744971997	RELA;MYD88;ARPC2;PXN;ITGA5;NFATC2;PIK3CB;LAT	40	KEGG_2021_Human
Fatty acid elongation	3/27	0.0376036225131099	0.23479335032576	4.41431818181818	14.481854528285	TECR;PPT1;THEM4	41	KEGG_2021_Human
Measles	8/139	0.0394715538004693	0.24058851840286	2.16440927235801	6.99574959066682	RELA;CCND3;MYD88;PIK3CB;CD28;TRADD;RACK1;BID	42	KEGG_2021_Human
Regulation of actin cytoskeleton	11/218	0.0405624864269047	0.241488291285758	1.88637538549299	6.0456663910255	ACTN1;PFN1;EZR;CXCR4;SSH2;ARPC2;PXN;ITGA5;PIK3CB;ITGA6;KRAS	43	KEGG_2021_Human
Human papillomavirus infection	15/331	0.0428536369714479	0.245916553498244	1.68794997882453	5.31698295116702	PRKCI;ATP6V1G1;RELA;CCND3;TCF7;NOTCH2;PXN;ITGA5;PPP2R5C;PIK3CB;ITGA6;TRADD;TCF7L2;KRAS;OASL	44	KEGG_2021_Human
Intestinal immune network for IgA production	4/48	0.0432275191696133	0.245916553498244	3.21294916376884	10.0927664227858	TGFB1;CD28;TNFRSF13C;CXCR4	45	KEGG_2021_Human
Thyroid hormone signaling pathway	7/121	0.050952692192712	0.283562808724658	2.17420152946469	6.47228852262269	PLCD1;ATP1A1;MYC;NOTCH2;PIK3CB;MED16;KRAS	46	KEGG_2021_Human
Fc gamma R-mediated phagocytosis	6/97	0.052293460833295	0.284832467517522	2.33312574080399	6.88478329626281	NCF1;ARPC2;PLPP2;PIK3CB;LAT;MARCKSL1	47	KEGG_2021_Human
Gastric cancer	8/149	0.0552895845728736	0.294877784388659	2.00986401197215	5.81889946329212	TGFB1;LEF1;CDH1;MYC;TCF7;PIK3CB;TCF7L2;KRAS	48	KEGG_2021_Human
Cell cycle	7/124	0.0567134752877821	0.296298972932086	2.11812404120096	6.07847256617572	TGFB1;CDC25B;CCND3;MYC;SKP1;YWHAQ;CDKN2D	49	KEGG_2021_Human
Chronic myeloid leukemia	5/76	0.0592603568767979	0.296475973032291	2.48997635447723	7.03621182157288	TGFB1;PIK3CB;RELA;MYC;KRAS	50	KEGG_2021_Human
Pertussis	5/76	0.0592603568767979	0.296475973032291	2.48997635447723	7.03621182157288	ITGA5;IL23A;CALM1;RELA;MYD88	50	KEGG_2021_Human
Melanogenesis	6/101	0.0613074495972587	0.296475973032291	2.23442701818532	6.23819382196957	CALM1;LEF1;TCF7;GNAO1;TCF7L2;KRAS	52	KEGG_2021_Human
Bacterial invasion of epithelial cells	5/77	0.0620051829288563	0.296475973032291	2.45526662611517	6.82696043978829	ITGA5;PIK3CB;CDH1;ARPC2;PXN	53	KEGG_2021_Human
Tuberculosis	9/180	0.0630113879443507	0.296475973032291	1.86493808049536	5.15550906899831	TGFB1;IL23A;CALM1;RELA;PLK3;MYD88;TRADD;IFNGR2;BID	54	KEGG_2021_Human
Chagas disease	6/102	0.0636960098311562	0.296475973032291	2.21103747714808	6.08838655370162	TGFB1;RELA;MYD88;PIK3CB;GNAO1;IFNGR2	55	KEGG_2021_Human
Non-alcoholic fatty liver disease	8/155	0.0664782005508847	0.299611206166822	1.92722960743931	5.22449050381203	TGFB1;RELA;UQCR10;XBP1;NDUFC1;PIK3CB;NDUFA12;BID	56	KEGG_2021_Human
Cytokine-cytokine receptor interaction	13/295	0.0673852709399829	0.299611206166822	1.63609797741003	4.4130942218924	IL23A;IL27RA;TNFSF14;CCR7;IFNGR2;TNFRSF13C;CXCR5;CXCR4;CXCR3;TGFB1;CXCL16;IL7R;LTB	57	KEGG_2021_Human
T cell receptor signaling pathway	6/104	0.0686353265701897	0.299611206166822	2.16569040779017	5.80177179646226	RELA;NFATC2;PIK3CB;CD28;LAT;KRAS	58	KEGG_2021_Human
Chemical carcinogenesis	11/239	0.0690669039671613	0.299611206166822	1.71076098918884	4.57231603298153	MYC;PAQR8;MGST3;GSTM3;ADRB2;RELA;CCND3;KPNA5;NOTCH2;PIK3CB;KRAS	59	KEGG_2021_Human
Natural killer cell mediated cytotoxicity	7/131	0.0716692740366217	0.299611206166822	1.99782878411911	5.26566365771366	ICAM2;NFATC2;PIK3CB;LAT;IFNGR2;KRAS;BID	60	KEGG_2021_Human
Glutathione metabolism	4/57	0.0725620889935273	0.299611206166822	2.66611678179881	6.99405796995012	GSTM3;GPX7;GCLM;MGST3	61	KEGG_2021_Human
Legionellosis	4/57	0.0725620889935273	0.299611206166822	2.66611678179881	6.99405796995012	EEF1A1;RELA;MYD88;BNIP3	61	KEGG_2021_Human
Necroptosis	8/159	0.0746605767686405	0.303382661155111	1.87578832249833	4.86730131712648	PPIA;STAT6;CAPN2;FTH1;TRADD;IFNGR2;STAT4;BID	63	KEGG_2021_Human
Lipid and atherosclerosis	10/215	0.07621064543011	0.30484258172044	1.72860800431209	4.44987628083743	CALM1;XBP1;NFATC2;BID;NCF1;RELA;MYD88;POU2F2;PIK3CB;KRAS	64	KEGG_2021_Human
VEGF signaling pathway	4/59	0.0801694080967404	0.315744130350239	2.56890213611525	6.48291555100295	NFATC2;PIK3CB;KRAS;PXN	65	KEGG_2021_Human
Aldosterone-regulated sodium reabsorption	3/37	0.0818091626867614	0.317320388603196	3.11438502673797	7.79644567517157	PIK3CB;KRAS;ATP1A1	66	KEGG_2021_Human
Viral myocarditis	4/60	0.0841155948091396	0.32139689956925	2.52289877699714	6.24559561553045	CD28;ABL2;BID;CD55	67	KEGG_2021_Human
Insulin signaling pathway	7/137	0.0861836840149885	0.323083543457236	1.90502958579882	4.66975025452432	RPS6;CALM1;PPP1R3B;PRKCI;FLOT1;PIK3CB;KRAS	68	KEGG_2021_Human
Primary immunodeficiency	3/38	0.0870811113224582	0.323083543457236	3.02524675324675	7.38437102761917	ORAI1;IL7R;TNFRSF13C	69	KEGG_2021_Human
Wnt signaling pathway	8/166	0.0903788587311495	0.324862803318778	1.79203344559285	4.30759126000321	LEF1;NKD1;CCND3;MYC;TCF7;SKP1;NFATC2;TCF7L2	70	KEGG_2021_Human
Toxoplasmosis	6/112	0.0905411337819729	0.324862803318778	2.00141423200304	4.8072989452144	TGFB1;RELA;MYD88;GNAO1;ITGA6;IFNGR2	71	KEGG_2021_Human
Fluid shear stress and atherosclerosis	7/139	0.0913676634334064	0.324862803318778	1.87597125097125	4.48894342404539	NCF1;CALM1;RELA;MGST3;GSTM3;PIK3CB;KLF2	72	KEGG_2021_Human
Glycosaminoglycan degradation	2/19	0.095793930461148	0.335934879425396	4.14860681114551	9.73078939991624	HGSNAT;IDS	73	KEGG_2021_Human
Apoptosis	7/142	0.099464252319186	0.34409254856367	1.83399810066477	4.23278870406476	RELA;LMNA;CAPN2;PIK3CB;TRADD;KRAS;BID	74	KEGG_2021_Human
Bladder cancer	3/41	0.103717387539503	0.354022016134836	2.78598086124402	6.31327085036666	KRAS;CDH1;MYC	75	KEGG_2021_Human
Influenza A	8/172	0.105259231718594	0.354557412104738	1.72593421347058	3.8856459159777	RELA;CCND3;KPNA5;MYD88;PIK3CB;TRADD;IFNGR2;BID	76	KEGG_2021_Human
Ras signaling pathway	10/232	0.111150527460749	0.356360871244273	1.59482687106996	3.50362713775629	CALM1;FLT3LG;RELA;RASGRP2;ABL2;PIK3CB;RASA3;LAT;PLA2G12A;KRAS	77	KEGG_2021_Human
Diabetic cardiomyopathy	9/203	0.111386058535553	0.356360871244273	1.64187575803517	3.60351192144671	UQCR10;ATP5PD;NDUFA12;TGFB1;NCF1;RELA;GFPT2;NDUFC1;PIK3CB	78	KEGG_2021_Human
Viral carcinogenesis	9/203	0.111386058535553	0.356360871244273	1.64187575803517	3.60351192144671	ACTN1;RANBP1;RELA;CCND3;PXN;PIK3CB;TRADD;YWHAQ;KRAS	78	KEGG_2021_Human
Neurotrophin signaling pathway	6/119	0.112461746419902	0.356360871244273	1.87675332869554	4.10097279802642	MATK;CALM1;RELA;SH2B3;PIK3CB;KRAS	80	KEGG_2021_Human
Breast cancer	7/147	0.113800029763136	0.356360871244273	1.76804029304029	3.84250406185565	LEF1;MYC;TCF7;NOTCH2;PIK3CB;TCF7L2;KRAS	81	KEGG_2021_Human
Rheumatoid arthritis	5/93	0.115289402344249	0.356360871244273	2.00719558725946	4.33616423682465	TGFB1;IL23A;CD28;ATP6V1G1;LTB	82	KEGG_2021_Human
PI3K-Akt signaling pathway	14/354	0.115538876223729	0.356360871244273	1.45966386554622	3.15017096588856	FLT3LG;MYC;SGK3;RPS6;RELA;CCND3;IL7R;THEM4;ITGA5;PPP2R5C;PIK3CB;ITGA6;YWHAQ;KRAS	83	KEGG_2021_Human
Central carbon metabolism in cancer	4/70	0.128463770527502	0.386902650059299	2.13953745101286	4.39056268081339	PIK3CB;LDHA;MYC;KRAS	84	KEGG_2021_Human
Epithelial cell signaling in Helicobacter pylori infection	4/70	0.128463770527502	0.386902650059299	2.13953745101286	4.39056268081339	RELA;JAM3;ATP6V1G1;F11R	84	KEGG_2021_Human
Axon guidance	8/182	0.132867798107371	0.395513445528918	1.62589897711695	3.28171554297613	EPHA1;EPHA4;ABLIM1;SSH2;NFATC2;PIK3CB;KRAS;CXCR4	86	KEGG_2021_Human
Aldosterone synthesis and secretion	5/98	0.135325877373104	0.398200282844996	1.89879130366533	3.79771457877275	ORAI1;CALM1;ATP1A1;CAMK1D;ATP2B1	87	KEGG_2021_Human
Osteoclast differentiation	6/127	0.140481130238521	0.404864707098496	1.7519452460453	3.4385115808654	TGFB1;NCF1;RELA;NFATC2;PIK3CB;IFNGR2	88	KEGG_2021_Human
AGE-RAGE signaling pathway in diabetic complications	5/100	0.143747215606066	0.404864707098496	1.8586246638494	3.60517234457832	TGFB1;PLCD1;RELA;PIK3CB;KRAS	89	KEGG_2021_Human
Viral protein interaction with cytokine and cytokine receptor	5/100	0.143747215606066	0.404864707098496	1.8586246638494	3.60517234457832	TNFSF14;CCR7;CXCR5;CXCR4;CXCR3	89	KEGG_2021_Human
Lysosome	6/128	0.144193368603877	0.404864707098496	1.73749512991878	3.36483314275561	LGMN;PPT1;HGSNAT;LITAF;IDS;LAPTM5	91	KEGG_2021_Human
Hepatitis C	7/157	0.145498254113522	0.404864707098496	1.64931623931624	3.17920745517167	RELA;MYC;PIK3CB;TRADD;YWHAQ;KRAS;BID	92	KEGG_2021_Human
Amoebiasis	5/102	0.152388630923554	0.411999959761954	1.82011438031455	3.42421984064273	TGFB1;ACTN1;RELA;PRDX1;PIK3CB	93	KEGG_2021_Human
Sphingolipid metabolism	3/49	0.153326131187593	0.411999959761954	2.30051383399209	4.31389604986924	KDSR;PLPP2;SMPD2	94	KEGG_2021_Human
Glioma	4/75	0.153631218414696	0.411999959761954	1.98835270273737	3.72458274810713	PIK3CB;CALM1;CAMK1D;KRAS	95	KEGG_2021_Human
Human T-cell leukemia virus 1 infection	9/219	0.154499984910733	0.411999959761954	1.51551995798319	2.8303263930657	MYC;NFATC2;RANBP1;TNFRSF13C;TGFB1;RELA;CCND3;PIK3CB;KRAS	96	KEGG_2021_Human
Pancreatic cancer	4/76	0.15887404405569	0.419296446167594	1.96063549888687	3.60687048167933	TGFB1;PIK3CB;RELA;KRAS	97	KEGG_2021_Human
Collecting duct acid secretion	2/27	0.170771524029899	0.446097042363818	2.81989110707804	4.98395656563231	ATP6V1G1;SLC12A7	98	KEGG_2021_Human
Apelin signaling pathway	6/137	0.179525486701497	0.459585245955832	1.61737164547776	2.77773567599879	RPS6;CALM1;CDH1;GABARAPL1;KLF2;KRAS	99	KEGG_2021_Human
Estrogen signaling pathway	6/137	0.179525486701497	0.459585245955832	1.61737164547776	2.77773567599879	CALM1;KRT10;PIK3CB;GNAO1;RARA;KRAS	99	KEGG_2021_Human
B cell receptor signaling pathway	4/81	0.186022460959359	0.471502475302929	1.83284839022544	3.08264544705147	NFATC2;PIK3CB;RELA;KRAS	101	KEGG_2021_Human
Tight junction	7/169	0.188391133947242	0.472824806769547	1.52619499841722	2.54757807411103	ACTN1;JAM3;PRKCI;ARPC2;EZR;F11R;YBX3	102	KEGG_2021_Human
Focal adhesion	8/201	0.194190828625698	0.482461745287847	1.46439131054808	2.40001134810938	ACTN1;CCND3;FLNA;CAPN2;PXN;ITGA5;PIK3CB;ITGA6	103	KEGG_2021_Human
Protein processing in endoplasmic reticulum	7/171	0.196000084023188	0.482461745287847	1.50742651657286	2.45656283647968	CAPN2;PDIA3;XBP1;SEC62;SKP1;DNAJC5;TRAM1	104	KEGG_2021_Human
Pyrimidine metabolism	3/56	0.201577945693666	0.491466229500747	1.99595197255575	3.19667505392622	NME4;PNP;UPP1	105	KEGG_2021_Human
Signaling pathways regulating pluripotency of stem cells	6/143	0.204823178239582	0.494667298389933	1.54605746006752	2.45144141298142	MYC;TCF7;PIK3CB;BMI1;SKIL;KRAS	106	KEGG_2021_Human
ErbB signaling pathway	4/85	0.208736223650648	0.499406292098746	1.74197755739954	2.72912821409801	PIK3CB;MYC;KRAS;ABL2	107	KEGG_2021_Human
Mineral absorption	3/60	0.230566325029489	0.546527585255086	1.8555023923445	2.72242412249401	ATP1A1;ATP2B1;FTH1	108	KEGG_2021_Human
Hypertrophic cardiomyopathy	4/90	0.238149377712968	0.559323309124034	1.6402761892659	2.35356204232589	TGFB1;ITGA5;ITGA6;LMNA	109	KEGG_2021_Human
cAMP signaling pathway	8/216	0.249436609356025	0.576987140381323	1.35772759350741	1.88527328373747	ORAI1;CALM1;FXYD1;ADRB2;RELA;ATP1A1;PIK3CB;ATP2B1	110	KEGG_2021_Human
Small cell lung cancer	4/92	0.250178017899714	0.576987140381323	1.60283159463487	2.22085547677268	PIK3CB;ITGA6;RELA;MYC	111	KEGG_2021_Human
Basal cell carcinoma	3/63	0.252779620525474	0.577781989772511	1.76245454545455	2.42379311584944	LEF1;TCF7L2;TCF7	112	KEGG_2021_Human
Salivary secretion	4/93	0.256240427587601	0.580509287278104	1.58474038599292	2.15784448081376	CALM1;ADRB2;ATP1A1;ATP2B1	113	KEGG_2021_Human
Alanine, aspartate and glutamate metabolism	2/37	0.27281444510857	0.611273300059902	2.01317085817993	2.61503526903754	GFPT2;RIMKLB	114	KEGG_2021_Human
Dilated cardiomyopathy	4/96	0.274595427761284	0.611273300059902	1.5328264829334	1.98111145364199	TGFB1;ITGA5;ITGA6;LMNA	115	KEGG_2021_Human
Transcriptional misregulation in cancer	7/192	0.282165324212741	0.617308006765432	1.33485793485793	1.6889451855648	SPINT1;RELA;MYC;RARA;MLLT3;BMI1;KLF3	116	KEGG_2021_Human
Relaxin signaling pathway	5/129	0.285767281547223	0.617308006765432	1.42181245585119	1.78093029181759	TGFB1;RELA;PIK3CB;GNAO1;KRAS	117	KEGG_2021_Human
Choline metabolism in cancer	4/98	0.286951768769869	0.617308006765432	1.50005813277526	1.87273427096517	PLPP2;PIK3CB;SLC44A1;KRAS	118	KEGG_2021_Human
Glycerophospholipid metabolism	4/98	0.286951768769869	0.617308006765432	1.50005813277526	1.87273427096517	PLPP2;LPGAT1;ACHE;PLA2G12A	118	KEGG_2021_Human
Fc epsilon RI signaling pathway	3/68	0.290393320918349	0.619505751292478	1.62646153846154	2.01115058838965	PIK3CB;LAT;KRAS	120	KEGG_2021_Human
MAPK signaling pathway	10/294	0.297107842131016	0.620170215311226	1.24264000207507	1.50814259075785	FLT3LG;MYC;TGFB1;CDC25B;RELA;FLNA;MYD88;RASGRP2;TRADD;KRAS	121	KEGG_2021_Human
Renal cell carcinoma	3/69	0.297972408137816	0.620170215311226	1.60173553719008	1.93930832831457	TGFB1;PIK3CB;KRAS	122	KEGG_2021_Human
Renin secretion	3/69	0.297972408137816	0.620170215311226	1.60173553719008	1.93930832831457	ORAI1;CALM1;ADRB2	122	KEGG_2021_Human
Prolactin signaling pathway	3/70	0.305562347135293	0.624377388416115	1.57774762550882	1.87057985505039	PIK3CB;RELA;KRAS	124	KEGG_2021_Human
RIG-I-like receptor signaling pathway	3/70	0.305562347135293	0.624377388416115	1.57774762550882	1.87057985505039	RELA;TRADD;RNF125	124	KEGG_2021_Human
Oxidative phosphorylation	5/133	0.307310745861057	0.624377388416115	1.37709568886861	1.62482947708934	UQCR10;NDUFC1;ATP6V1G1;ATP5PD;NDUFA12	126	KEGG_2021_Human
Thermogenesis	8/232	0.31308799137312	0.631106502295424	1.25969855832241	1.46285141126317	UQCR10;NDUFAF4;ATP5PD;NDUFA12;RPS6;NDUFC1;KRAS;SMARCD3	127	KEGG_2021_Human
Melanoma	3/72	0.320761922596442	0.641523845192883	1.53185770750988	1.74180815859552	PIK3CB;CDH1;KRAS	128	KEGG_2021_Human
Alzheimer disease	12/369	0.324294579077121	0.641691041356295	1.18610105779835	1.33567193763535	CALM1;UQCR10;XBP1;ATP5PD;CDK5R1;NDUFA12;BID;RELA;CAPN2;NDUFC1;PIK3CB;KRAS	129	KEGG_2021_Human
Inositol phosphate metabolism	3/73	0.328365337569042	0.641691041356295	1.5098961038961	1.68146326750461	PIK3CB;PLCD1;ISYNA1	130	KEGG_2021_Human
p53 signaling pathway	3/73	0.328365337569042	0.641691041356295	1.5098961038961	1.68146326750461	CCND3;PERP;BID	130	KEGG_2021_Human
Fat digestion and absorption	2/43	0.334384502238632	0.647102265859914	1.71802930370502	1.88203881303899	PLA2G12A;PLPP2	132	KEGG_2021_Human
Pathways of neurodegeneration	15/475	0.336189849060034	0.647102265859914	1.15082026830451	1.25448529682501	GABARAPL1;RPS27A;NDUFA12;BID;GPX7;NDUFC1;CALM1;UQCR10;XBP1;ATP5PD;CDK5R1;RELA;CAPN2;PRNP;KRAS	133	KEGG_2021_Human
Drug metabolism	4/108	0.349591915318148	0.660996726989089	1.35512119938349	1.42421715032908	MGST3;GSTM3;NME4;UPP1	134	KEGG_2021_Human
Insulin resistance	4/108	0.349591915318148	0.660996726989089	1.35512119938349	1.42421715032908	RELA;PPP1R3B;GFPT2;PIK3CB	134	KEGG_2021_Human
Gastric acid secretion	3/76	0.351154511212954	0.660996726989089	1.44762141967621	1.51497772359475	CALM1;ATP1A1;EZR	136	KEGG_2021_Human
MicroRNAs in cancer	10/310	0.355057770790807	0.663465615492312	1.17538367096378	1.21708013414863	VIM;MYC;EZR;BMI1;CD44;CDC25B;NOTCH2;ITGA5;PIK3CB;KRAS	137	KEGG_2021_Human
RNA degradation	3/79	0.37385374156308	0.689932422317159	1.39026315789474	1.36786688510131	PABPC1;LSM5;ENO2	138	KEGG_2021_Human
Carbohydrate digestion and absorption	2/47	0.37461174493002	0.689932422317159	1.56499294212543	1.53661200828265	PIK3CB;ATP1A1	139	KEGG_2021_Human
Nitrogen metabolism	1/17	0.379273209070204	0.691866155209602	2.20006793478261	2.13296248641839	CA5B	140	KEGG_2021_Human
Cholinergic synapse	4/113	0.381066905799039	0.691866155209602	1.29262545746228	1.24709959408927	PIK3CB;GNAO1;ACHE;KRAS	141	KEGG_2021_Human
Amino sugar and nucleotide sugar metabolism	2/48	0.384518336695688	0.693216156296451	1.53089244851259	1.46317158621351	GFPT2;MPI	142	KEGG_2021_Human
Cocaine addiction	2/49	0.394356302887522	0.701077871800039	1.49824303973433	1.39411583210235	RELA;CDK5R1	143	KEGG_2021_Human
Ether lipid metabolism	2/49	0.394356302887522	0.701077871800039	1.49824303973433	1.39411583210235	PLA2G12A;PLPP2	143	KEGG_2021_Human
Adrenergic signaling in cardiomyocytes	5/150	0.400435946378972	0.703776852671515	1.21457337024918	1.11157932099976	CALM1;ATP1A1;PPP2R5C;ADRB2;ATP2B1	145	KEGG_2021_Human
Cysteine and methionine metabolism	2/50	0.404121864619972	0.703776852671515	1.46695402298851	1.32911726470883	LDHA;GCLM	146	KEGG_2021_Human
Malaria	2/50	0.404121864619972	0.703776852671515	1.46695402298851	1.32911726470883	TGFB1;MYD88	146	KEGG_2021_Human
Complement and coagulation cascades	3/85	0.418711168152128	0.724257155722601	1.28813747228381	1.12141890537982	PLAUR;CD59;CD55	148	KEGG_2021_Human
Oxytocin signaling pathway	5/154	0.422320732073899	0.725598036314887	1.18172243178367	1.01863318487313	CALM1;NFATC2;GNAO1;CAMK1D;KRAS	149	KEGG_2021_Human
Endocrine and other factor-regulated calcium reabsorption	2/53	0.432950174932474	0.738901631884755	1.38044909433828	1.1556189768393	ATP1A1;ATP2B1	150	KEGG_2021_Human
ECM-receptor interaction	3/88	0.440749975221372	0.74723174607067	1.24248128342246	1.0179369769787	ITGA5;ITGA6;CD44	151	KEGG_2021_Human
Platelet activation	4/124	0.449465163899448	0.755867536611994	1.17346690953248	0.938417882359135	ORAI1;PRKCI;RASGRP2;PIK3CB	152	KEGG_2021_Human
Regulation of lipolysis in adipocytes	2/55	0.451748957428262	0.755867536611994	1.32821970345512	1.05544143964039	PIK3CB;ADRB2	153	KEGG_2021_Human
Morphine addiction	3/91	0.462459643075857	0.762904956586717	1.19993801652893	0.925387379457517	GNAO1;GRK6;GRK5	154	KEGG_2021_Human
Pathogenic Escherichia coli infection	6/197	0.463422734413099	0.762904956586717	1.10585104855614	0.850527301753067	EZR;RELA;RPS3;MYD88;ARPC2;TRADD	155	KEGG_2021_Human
Mannose type O-glycan biosynthesis	1/23	0.475477788609381	0.762904956586717	1.59955533596838	1.18916559673071	POMGNT2	156	KEGG_2021_Human
Mismatch repair	1/23	0.475477788609381	0.762904956586717	1.59955533596838	1.18916559673071	SSBP1	156	KEGG_2021_Human
Protein export	1/23	0.475477788609381	0.762904956586717	1.59955533596838	1.18916559673071	SEC62	156	KEGG_2021_Human
Proximal tubule bicarbonate reclamation	1/23	0.475477788609381	0.762904956586717	1.59955533596838	1.18916559673071	ATP1A1	156	KEGG_2021_Human
Oocyte meiosis	4/129	0.479795695353365	0.762904956586717	1.12623679417122	0.827102558247098	CALM1;SKP1;PPP2R5C;YWHAQ	160	KEGG_2021_Human
Purine metabolism	4/129	0.479795695353365	0.762904956586717	1.12623679417122	0.827102558247098	PNP;NME4;ADK;GUK1	160	KEGG_2021_Human
TGF-beta signaling pathway	3/94	0.48379568090599	0.764516631555144	1.1601998001998	0.842412499056534	TGFB1;MYC;SKP1	162	KEGG_2021_Human
cGMP-PKG signaling pathway	5/167	0.492142027470857	0.770929879698065	1.08616067405605	0.770074808409995	CALM1;ATP1A1;NFATC2;ADRB2;ATP2B1	163	KEGG_2021_Human
Calcium signaling pathway	7/240	0.496740504415385	0.770929879698065	1.05722460658083	0.739726855822033	PLCD1;ORAI1;CALM1;ADRB2;CXCR4;CAMK1D;ATP2B1	164	KEGG_2021_Human
Long-term depression	2/60	0.497136165974409	0.770929879698065	1.21340509418612	0.84803828142582	GNAO1;KRAS	165	KEGG_2021_Human
alpha-Linolenic acid metabolism	1/25	0.504116036085722	0.770929879698065	1.46610809178744	1.00420898852145	PLA2G12A	166	KEGG_2021_Human
Phosphatidylinositol signaling system	3/97	0.504719180732881	0.770929879698065	1.12299806576402	0.767853388694454	PLCD1;CALM1;PIK3CB	167	KEGG_2021_Human
Arachidonic acid metabolism	2/61	0.505922733551855	0.770929879698065	1.19277738472423	0.812724303296351	GPX7;PLA2G12A	168	KEGG_2021_Human
Cytosolic DNA-sensing pathway	2/63	0.523193452671509	0.774670814005852	1.15355092082949	0.747274892555082	RELA;AIM2	169	KEGG_2021_Human
Progesterone-mediated oocyte maturation	3/100	0.525196507938296	0.774670814005852	1.08809746954077	0.700716039426931	CDC25B;PIK3CB;KRAS	170	KEGG_2021_Human
Autophagy	4/137	0.526878857640878	0.774670814005852	1.05805497349932	0.677985363141681	GABARAPL1;PIK3CB;KRAS;BNIP3	171	KEGG_2021_Human
Biosynthesis of unsaturated fatty acids	1/27	0.53119334443947	0.774670814005852	1.35319119286511	0.856068275580443	TECR	172	KEGG_2021_Human
GnRH secretion	2/64	0.531675400727212	0.774670814005852	1.13488671623441	0.71693304786197	PIK3CB;KRAS	173	KEGG_2021_Human
Parkinson disease	7/249	0.535699023411877	0.774670814005852	1.01742954015681	0.635062018272273	CALM1;UQCR10;XBP1;RPS27A;ATP5PD;NDUFA12;NDUFC1	174	KEGG_2021_Human
Longevity regulating pathway	3/102	0.538585828102602	0.774670814005852	1.06600550964187	0.659653175989417	RELA;PIK3CB;KRAS	175	KEGG_2021_Human
Pancreatic secretion	3/102	0.538585828102602	0.774670814005852	1.06600550964187	0.659653175989417	ATP1A1;PLA2G12A;ATP2B1	175	KEGG_2021_Human
Ubiquitin mediated proteolysis	4/140	0.54399827104668	0.774670814005852	1.03455480552877	0.629846494222175	PIAS2;SKP1;UBE2Q2;RPS27A	177	KEGG_2021_Human
Phototransduction	1/28	0.544173371502253	0.774670814005852	1.30300590445518	0.792862655812922	CALM1	178	KEGG_2021_Human
Endocytosis	7/252	0.54841980412486	0.774670814005852	1.00481423338566	0.603606197841808	PRKCI;SPART;CXCR4;LDLRAP1;ARPC2;GRK6;GRK5	179	KEGG_2021_Human
Toll-like receptor signaling pathway	3/104	0.551756664964185	0.774670814005852	1.04478847884788	0.621281540514873	RELA;MYD88;PIK3CB	180	KEGG_2021_Human
Amyotrophic lateral sclerosis	10/364	0.5531864870738	0.774670814005852	0.993278604946364	0.588080636456703	PFN1;UQCR10;GABARAPL1;XBP1;ATP5PD;NDUFA12;ANXA7;BID;GPX7;NDUFC1	181	KEGG_2021_Human
Glycolysis / Gluconeogenesis	2/67	0.556497201196324	0.774670814005852	1.08233980175904	0.634351930336337	LDHA;ENO2	182	KEGG_2021_Human
Long-term potentiation	2/67	0.556497201196324	0.774670814005852	1.08233980175904	0.634351930336337	CALM1;KRAS	182	KEGG_2021_Human
Linoleic acid metabolism	1/29	0.556794647566706	0.774670814005852	1.25640527950311	0.735699146238789	PLA2G12A	184	KEGG_2021_Human
NOD-like receptor signaling pathway	5/181	0.563584822632595	0.779600098340708	0.999035749834107	0.57288449150922	RELA;ANTXR2;GABARAPL1;MYD88;AIM2	185	KEGG_2021_Human
Citrate cycle (TCA cycle)	1/30	0.569067070574849	0.779600098340708	1.21301849075462	0.68384763779318	OGDH	186	KEGG_2021_Human
Glucagon signaling pathway	3/107	0.571089337502683	0.779600098340708	1.01449300699301	0.568328745583481	CALM1;LDHA;PRMT1	187	KEGG_2021_Human
Adipocytokine signaling pathway	2/69	0.572518822218958	0.779600098340708	1.04992279979413	0.585552094897529	RELA;TRADD	188	KEGG_2021_Human
Circadian rhythm	1/31	0.581000265866391	0.786963323078286	1.17252415458937	0.636685381700422	SKP1	189	KEGG_2021_Human
Non-small cell lung cancer	2/72	0.595754397322326	0.798410586346285	1.0047705470573	0.520397575961989	PIK3CB;KRAS	190	KEGG_2021_Human
TNF signaling pathway	3/112	0.602137945430246	0.798410586346285	0.967706422018349	0.490887192894611	RELA;PIK3CB;TRADD	191	KEGG_2021_Human
Fructose and mannose metabolism	1/33	0.603886156408596	0.798410586346285	1.09912817028985	0.554366815351507	MPI	192	KEGG_2021_Human
SNARE interactions in vesicular transport	1/33	0.603886156408596	0.798410586346285	1.09912817028985	0.554366815351507	STX3	192	KEGG_2021_Human
Propanoate metabolism	1/34	0.614856805755321	0.798410586346285	1.06576635924462	0.5183523872802	LDHA	194	KEGG_2021_Human
Thyroid hormone synthesis	2/75	0.618031130568061	0.798410586346285	0.963329438381026	0.463569972234656	GPX7;ATP1A1	195	KEGG_2021_Human
mTOR signaling pathway	4/154	0.619357140290314	0.798410586346285	0.937316332726169	0.449043143708963	RPS6;PIK3CB;ATP6V1G1;KRAS	196	KEGG_2021_Human
Cushing syndrome	4/155	0.624432260529871	0.798410586346285	0.931060688307458	0.438448046765263	ORAI1;LEF1;TCF7;TCF7L2	197	KEGG_2021_Human
Metabolism of xenobiotics by cytochrome P450	2/76	0.625244012172253	0.798410586346285	0.950262422131751	0.446255858585386	GSTM3;MGST3	198	KEGG_2021_Human
Nicotinate and nicotinamide metabolism	1/35	0.625524149560655	0.798410586346285	1.03436700767263	0.485289150298113	PNP	199	KEGG_2021_Human
Prion disease	7/273	0.632815615385688	0.798410586346285	0.924474648158859	0.423017583725256	UQCR10;ATP5PD;NDUFA12;NCF1;PRNP;NDUFC1;PIK3CB	200	KEGG_2021_Human
DNA replication	1/36	0.635896558541019	0.798410586346285	1.0047619047619	0.454875179209922	SSBP1	201	KEGG_2021_Human
Mucin type O-glycan biosynthesis	1/36	0.635896558541019	0.798410586346285	1.0047619047619	0.454875179209922	GALNT3	201	KEGG_2021_Human
Starch and sucrose metabolism	1/36	0.635896558541019	0.798410586346285	1.0047619047619	0.454875179209922	GYG1	201	KEGG_2021_Human
Antigen processing and presentation	2/78	0.639352227347611	0.798410586346285	0.925159996179196	0.413823844217569	PDIA3;LGMN	204	KEGG_2021_Human
Synaptic vesicle cycle	2/78	0.639352227347611	0.798410586346285	0.925159996179196	0.413823844217569	STX3;ATP6V1G1	204	KEGG_2021_Human
African trypanosomiasis	1/37	0.645982172803031	0.80277396231833	0.97680152979066	0.426846026126375	MYD88	206	KEGG_2021_Human
Allograft rejection	1/38	0.655788908185485	0.8110239637463	0.950352526439483	0.400969248379649	CD28	207	KEGG_2021_Human
Homologous recombination	1/41	0.683611763770623	0.841368324640767	0.878940217391304	0.334318200672173	SSBP1	208	KEGG_2021_Human
Graft-versus-host disease	1/42	0.692377869018123	0.84808006922794	0.857458465889007	0.315221812797463	CD28	209	KEGG_2021_Human
Cardiac muscle contraction	2/87	0.697693962925279	0.850382887562447	0.826817550976834	0.297633417146077	UQCR10;ATP1A1	210	KEGG_2021_Human
Type I diabetes mellitus	1/43	0.700901520608111	0.850382887562447	0.836999654934438	0.297459537925002	CD28	211	KEGG_2021_Human
Vasopressin-regulated water reabsorption	1/44	0.70918941253093	0.850438808272217	0.817492416582406	0.280917072093321	AQP3	212	KEGG_2021_Human
GABAergic synapse	2/89	0.709546277765445	0.850438808272217	0.807726808102301	0.277154943152998	GNAO1;GABARAPL1	213	KEGG_2021_Human
Dopaminergic synapse	3/132	0.710913691290057	0.850438808272217	0.816828752642706	0.2787054395861	CALM1;PPP2R5C;GNAO1	214	KEGG_2021_Human
Type II diabetes mellitus	1/46	0.725083775959059	0.860421558200769	0.781078904991948	0.251091934163697	PIK3CB	215	KEGG_2021_Human
GnRH signaling pathway	2/93	0.732085909128537	0.860421558200769	0.772062782952075	0.240773499624754	CALM1;KRAS	216	KEGG_2021_Human
Other types of O-glycan biosynthesis	1/47	0.732702733155343	0.860421558200769	0.7640595463138	0.237634138393836	GALNT3	217	KEGG_2021_Human
Pyruvate metabolism	1/47	0.732702733155343	0.860421558200769	0.7640595463138	0.237634138393836	LDHA	217	KEGG_2021_Human
IL-17 signaling pathway	2/94	0.737483522785549	0.862081195584934	0.763631342223625	0.232534550669994	RELA;TRADD	219	KEGG_2021_Human
Staphylococcus aureus infection	2/95	0.742788162311298	0.862611174824264	0.755381222801163	0.224608366045834	KRT10;SELPLG	220	KEGG_2021_Human
Circadian entrainment	2/97	0.753122550699438	0.862611174824264	0.739402044130289	0.209640675901952	CALM1;GNAO1	221	KEGG_2021_Human
Cholesterol metabolism	1/50	0.75431805666337	0.862611174824264	0.717169476486247	0.20219960423222	LDLRAP1	222	KEGG_2021_Human
Vibrio cholerae infection	1/50	0.75431805666337	0.862611174824264	0.717169476486247	0.20219960423222	ATP6V1G1	222	KEGG_2021_Human
Inflammatory mediator regulation of TRP channels	2/98	0.758154352872888	0.862611174824264	0.731662129461585	0.202574037016381	CALM1;PIK3CB	224	KEGG_2021_Human
mRNA surveillance pathway	2/98	0.758154352872888	0.862611174824264	0.731662129461585	0.202574037016381	PPP2R5C;PABPC1	224	KEGG_2021_Human
Neutrophil extracellular trap formation	4/189	0.770583294062551	0.868469942550151	0.758607788115985	0.197698898982754	NCF1;RELA;PIK3CB;SELPLG	226	KEGG_2021_Human
Autoimmune thyroid disease	1/53	0.774188334486189	0.868469942550151	0.675689799331104	0.172936120743612	CD28	227	KEGG_2021_Human
Glycosaminoglycan biosynthesis	1/53	0.774188334486189	0.868469942550151	0.675689799331104	0.172936120743612	DSE	227	KEGG_2021_Human
Phospholipase D signaling pathway	3/148	0.780265964009902	0.868469942550151	0.726094043887147	0.180158772139601	PLPP2;PIK3CB;KRAS	229	KEGG_2021_Human
Retrograde endocannabinoid signaling	3/148	0.780265964009902	0.868469942550151	0.726094043887147	0.180158772139601	NDUFC1;GNAO1;NDUFA12	229	KEGG_2021_Human
Phagosome	3/152	0.795297329139623	0.881368468656898	0.706455155582672	0.161805948629735	NCF1;ITGA5;ATP6V1G1	231	KEGG_2021_Human
Notch signaling pathway	1/59	0.809245021414086	0.892960023629337	0.605603448275862	0.128178112630305	NOTCH2	232	KEGG_2021_Human
Herpes simplex virus 1 infection	11/498	0.815617795042088	0.89612942287886	0.790137675504065	0.161037503083157	IFNGR2;BID;ZNF799;MYD88;ITGA5;PIK3CB;TRADD;TNFSF14;RELA;PDIA3;POU2F2	233	KEGG_2021_Human
Glycerolipid metabolism	1/61	0.819678539822474	0.896742334164758	0.585356280193237	0.116394022349286	PLPP2	234	KEGG_2021_Human
Serotonergic synapse	2/113	0.823570968347383	0.89716667190183	0.632298360066055	0.122732623568392	GNAO1;KRAS	235	KEGG_2021_Human
Lysine degradation	1/63	0.82954236279207	0.899842563028686	0.566415381019168	0.105852329678116	SETD2	236	KEGG_2021_Human
Cortisol synthesis and secretion	1/65	0.838867543806547	0.906118528331122	0.548658288043478	0.0964006102875571	ORAI1	237	KEGG_2021_Human
Growth hormone synthesis, secretion and action	2/119	0.844960396853064	0.908626237555595	0.59968666139265	0.101026525460143	PIK3CB;KRAS	238	KEGG_2021_Human
AMPK signaling pathway	2/120	0.848287776467918	0.908626237555595	0.594573810329447	0.0978284050586135	PPP2R5C;PIK3CB	239	KEGG_2021_Human
Retinol metabolism	1/68	0.851909155389117	0.908703099081725	0.524010382868267	0.08398596479333	DHRS3	240	KEGG_2021_Human
Amphetamine addiction	1/69	0.856017836759267	0.909296955229761	0.516277706734868	0.0802626313305798	CALM1	241	KEGG_2021_Human
Vascular smooth muscle contraction	2/133	0.885997008499417	0.931390219979171	0.535210096839889	0.0647827425445953	CALM1;PLA2G12A	242	KEGG_2021_Human
Systemic lupus erythematosus	2/135	0.890963209054778	0.931390219979171	0.527107241788682	0.0608556612400605	ACTN1;CD28	243	KEGG_2021_Human
Alcoholism	3/186	0.891369546464441	0.931390219979171	0.574187779433681	0.0660294028270704	CALM1;GNAO1;KRAS	244	KEGG_2021_Human
RNA transport	3/186	0.891369546464441	0.931390219979171	0.574187779433681	0.0660294028270704	EEF1A1;PABPC1;EIF3G	244	KEGG_2021_Human
Peroxisome	1/82	0.900138431644895	0.936729424801192	0.433127572016461	0.0455679288315932	PRDX1	246	KEGG_2021_Human
Spinocerebellar ataxia	2/143	0.90888509604878	0.940155860345514	0.496994503867887	0.0474811650097484	XBP1;PIK3CB	247	KEGG_2021_Human
Insulin secretion	1/86	0.910775989709717	0.940155860345514	0.412659846547315	0.0385664905836097	ATP1A1	248	KEGG_2021_Human
Gap junction	1/88	0.915662702444959	0.940639875953442	0.403131767449609	0.0355188156522485	KRAS	249	KEGG_2021_Human
Bile secretion	1/90	0.920282232077486	0.940639875953442	0.394031916625957	0.0327341549729331	ATP1A1	250	KEGG_2021_Human
Spliceosome	2/150	0.922268003376227	0.940639875953442	0.473316329033207	0.038300483555828	LSM5;PCBP1	251	KEGG_2021_Human
Huntington disease	5/306	0.928197739716375	0.942931037172191	0.580364721002983	0.0432432581757923	UQCR10;ATP5PD;NDUFA12;GPX7;NDUFC1	252	KEGG_2021_Human
Protein digestion and absorption	1/103	0.944731869639747	0.955934223825198	0.343581273088946	0.0195340135342898	ATP1A1	253	KEGG_2021_Human
Glutamatergic synapse	1/114	0.959469126731779	0.967024001745415	0.30995895857381	0.0128245954493765	GNAO1	254	KEGG_2021_Human
Neuroactive ligand-receptor interaction	4/341	0.985930263559752	0.989796656750182	0.41316015631334	0.0058543362523111	ADRB2;S1PR1;S1PR4;P2RY8	255	KEGG_2021_Human
Olfactory transduction	1/440	0.999996185705565	0.999996185705565	0.0784391403387145	2.99190547087067e-07	CALM1	256	KEGG_2021_Human
Myc Targets V1	21/200	1.7994777660591e-07	8.8174410536896e-06	4.24904439870626	65.9902053613586	MYC;RPL14;RPL18;RPL34;PCBP1;RPS10;PABPC1;LDHA;C1QBP;RANBP1;HDGF;RPLP0;RACK1;RPS6;PPIA;RPS5;RPS2;RPS3;EEF1B2;YWHAQ;SSBP1	1	MSigDB_Hallmark_2020
IL-2/STAT5 Signaling	20/199	7.11678392979311e-07	1.74361206279931e-05	4.03911662666261	57.1762797655415	AHNAK;PNP;FLT3LG;MYC;GABARAPL1;XBP1;CDC42SE2;EMP1;DHRS3;CD44;EOMES;CCND3;SWAP70;PRNP;SELL;GLIPR2;ITGA6;PLEC;KLF6;LTB	2	MSigDB_Hallmark_2020
TNF-alpha Signaling via NF-kB	19/200	3.12620701871672e-06	5.10613813057064e-05	3.78726177912968	48.0061566525489	IL23A;MYC;GPR183;IFIT2;IER2;PTPRE;LITAF;IFNGR2;CD44;RELA;IL7R;GFPT2;TNIP1;TNFAIP8;PLAUR;ATP2B1;KLF2;KLF6;PLEK	3	MSigDB_Hallmark_2020
Apoptosis	16/161	1.05222627189028e-05	0.000128897718306559	3.96624927759584	45.4612177821119	CDC25B;FEZ1;LEF1;RELA;LMNA;PPT1;ENO2;LGALS3;ANKH;ANXA1;EMP1;TGFBR3;RARA;TIMP1;CD44;BID	4	MSigDB_Hallmark_2020
Inflammatory Response	17/200	4.32866903913521e-05	0.000353507971529375	3.33871625479162	33.5463036316568	MYC;GPR183;EMP3;PTPRE;TIMP1;CCR7;IFNGR2;KCNA3;GPR132;CD55;RELA;SELL;IL7R;ITGA5;PLAUR;ATP2B1;KLF6	5	MSigDB_Hallmark_2020
Allograft Rejection	17/200	4.32866903913521e-05	0.000353507971529375	3.33871625479162	33.5463036316568	IL27RA;RPL9;MRPL3;RPL39;CD28;ACHE;TIMP1;IFNGR2;STAT4;CXCR3;TGFB1;RPS9;CCND3;FLNA;EIF5A;RPS3A;LTB	5	MSigDB_Hallmark_2020
Estrogen Response Early	16/200	0.000147044866034345	0.000900649804460364	3.11926159825115	27.5267749290276	AQP3;MYC;XBP1;MYBL1;FAM102A;RARA;SVIL;DHRS3;CD44;PRSS23;ABLIM1;SH3BP5;IGFBP4;FCMR;DYNLT3;ADD3	7	MSigDB_Hallmark_2020
Complement	16/200	0.000147044866034345	0.000900649804460364	3.11926159825115	27.5267749290276	HPCAL4;PFN1;CALM1;APOBEC3G;LGMN;LGALS3;TIMP1;CDK5R1;CD59;CD55;SH2B3;DOCK9;CPQ;PLAUR;GZMK;PLEK	7	MSigDB_Hallmark_2020
Epithelial Mesenchymal Transition	15/200	0.000468345979252226	0.00229489529833591	2.90294383602934	22.2548478032326	VIM;ENO2;EMP3;TIMP1;CD44;CD59;TGFB1;PPIB;FLNA;IGFBP4;NOTCH2;ITGA5;GPX7;TGFBR3;PLAUR	9	MSigDB_Hallmark_2020
p53 Pathway	15/200	0.000468345979252226	0.00229489529833591	2.90294383602934	22.2548478032326	S100A10;RPL18;PLK3;RPL36;RPS12;PTPRE;RAP2B;PRMT2;CDK5R1;RACK1;TGFB1;CCND3;PERP;PITPNC1;UPP1	9	MSigDB_Hallmark_2020
Reactive Oxygen Species Pathway	6/49	0.00221707643083469	0.00987606773735452	4.94978954976404	30.2509648960702	PDLIM1;CDKN2D;PRNP;GCLM;PRDX1;MBP	11	MSigDB_Hallmark_2020
heme Metabolism	12/200	0.00995427022647055	0.0406466034247547	2.27226963464034	10.4746032452227	EPB41;AQP3;KDM7A;MGST3;HDGF;UCP2;CCND3;CAST;MFHAS1;GCLM;ARL2BP;KLF3	12	MSigDB_Hallmark_2020
TGF-beta Signaling	5/54	0.016492439003074	0.0577942994911097	3.61202145091613	14.8268179750257	TGFB1;SKI;CDH1;SKIL;IFNGR2	13	MSigDB_Hallmark_2020
Cholesterol Homeostasis	6/74	0.0165126569974599	0.0577942994911097	3.12598128831057	12.8278646591124	ANTXR2;CXCL16;S100A11;PLAUR;LGMN;LGALS3	14	MSigDB_Hallmark_2020
Apical Junction	11/200	0.023687512074331	0.0725430057276388	2.06796306058299	7.73998721116707	ACTN1;PFN1;ICAM2;SORBS3;LDLRAP1;CDH1;JAM3;ARPC2;CNN2;CD99;PIK3CB	15	MSigDB_Hallmark_2020
mTORC1 Signaling	11/200	0.023687512074331	0.0725430057276388	2.06796306058299	7.73998721116707	TES;PNP;XBP1;LGMN;PRDX1;LDHA;SERP1;CXCR4;PPIA;FKBP2;ADD3	15	MSigDB_Hallmark_2020
Wnt-beta Catenin Signaling	4/42	0.0282576357290315	0.0814484794542673	3.72140734349535	13.2719957657945	TCF7;LEF1;NKD1;MYC	17	MSigDB_Hallmark_2020
Apical Surface	4/44	0.0328383146740535	0.0863634755017232	3.53497267759563	12.0760298409056	GSTM3;PLAUR;CRYBG1;LYPD3	18	MSigDB_Hallmark_2020
IL-6/JAK/STAT3 Signaling	6/87	0.0334878782557702	0.0863634755017232	2.62252014354391	8.90757783007191	TGFB1;HAX1;IFNGR2;MYD88;LTB;CD44	19	MSigDB_Hallmark_2020
Coagulation	8/138	0.0380784952209844	0.0932923132914117	2.1811714890614	7.12829872763362	CAPN2;LGMN;ANXA1;CPQ;TIMP1;PLEK;PRSS23;CRIP2	20	MSigDB_Hallmark_2020
Hypoxia	10/200	0.0518858496391956	0.105933609680024	1.86653096830474	5.52252229691891	TES;ENO2;PLAC8;ANXA2;LDHA;IDS;TPST2;CXCR4;PLAUR;KLF6	21	MSigDB_Hallmark_2020
Estrogen Response Late	10/200	0.0518858496391956	0.105933609680024	1.86653096830474	5.52252229691891	XBP1;FAM102A;CD44;PRSS23;CDH1;PERP;IGFBP4;DYNLT3;LSR;ADD3	21	MSigDB_Hallmark_2020
Myogenesis	10/200	0.0518858496391956	0.105933609680024	1.86653096830474	5.52252229691891	FXYD1;ACHE;SVIL;SORBS3;MAPRE3;TGFB1;ABLIM1;PRNP;KIFC3;GNAO1	21	MSigDB_Hallmark_2020
KRAS Signaling Up	10/200	0.0518858496391956	0.105933609680024	1.86653096830474	5.52252229691891	CCSER2;ANKH;EMP1;LAPTM5;CXCR4;IL7R;PCSK1N;GALNT3;GFPT2;PLAUR	21	MSigDB_Hallmark_2020
Notch Signaling	3/32	0.0576828314673466	0.113058349675999	3.65228840125392	10.419232638845	TCF7L2;NOTCH2;SKP1	25	MSigDB_Hallmark_2020
Interferon Gamma Response	9/200	0.104147108732839	0.183878642559643	1.66792423775793	3.7727626844717	PNP;IFIT2;STAT4;AUTS2;MYD88;LYSMD2;OASL;SAMHD1;UPP1	26	MSigDB_Hallmark_2020
Oxidative Phosphorylation	9/200	0.104147108732839	0.183878642559643	1.66792423775793	3.7727626844717	UQCR10;OGDH;MGST3;LDHA;ATP6V1G1;NQO2;ATP5PD;NDUFC1;CYB5A	26	MSigDB_Hallmark_2020
UV Response Dn	7/144	0.105073510034082	0.183878642559643	1.80703724499345	4.07142672284504	MYC;NOTCH2;ANXA2;TGFBR3;GRK5;ATP2B1;ADD3	28	MSigDB_Hallmark_2020
PI3K/AKT/mTOR  Signaling	5/105	0.165744121127228	0.280050411559798	1.76523722627737	3.17267872897233	PFN1;MYD88;THEM4;PLA2G12A;CXCR4	29	MSigDB_Hallmark_2020
Glycolysis	8/200	0.190701822474858	0.311479643375601	1.47209480122324	2.43932616643406	ENO2;LDHA;CD44;CXCR4;PPIA;MPI;CYB5A;HAX1	30	MSigDB_Hallmark_2020
Hedgehog Signaling	2/36	0.262489835247932	0.414903287972538	2.07248852354009	2.77204235261373	CDK5R1;ACHE	31	MSigDB_Hallmark_2020
Androgen Response	4/100	0.299385435055753	0.458433947429123	1.46865513054038	1.77123253516118	ACTN1;CCND3;ANKH;TNFAIP8	32	MSigDB_Hallmark_2020
UV Response Up	5/158	0.444058902590334	0.647422217263532	1.15058918944707	0.934046073986967	AQP3;CCND3;PPT1;ENO2;BID	33	MSigDB_Hallmark_2020
Mitotic Spindle	6/199	0.473101042483044	0.647422217263532	1.09427778461888	0.819008151226697	EPB41;EZR;FLNA;SSH2;NOTCH2;PXN	34	MSigDB_Hallmark_2020
E2F Targets	6/200	0.47792191323969	0.647422217263532	1.08858063664977	0.80370770696753	MYC;LYAR;RANBP1;CDC25B;RBBP7;HMGA1	35	MSigDB_Hallmark_2020
Myc Targets V2	2/58	0.479267226098016	0.647422217263532	1.25687062483796	0.924424515934088	MYC;NDUFAF4	36	MSigDB_Hallmark_2020
Protein Secretion	3/96	0.497792699582672	0.647422217263532	1.13513196480938	0.791835769275646	ATP1A1;PPT1;BNIP3	37	MSigDB_Hallmark_2020
Interferon Alpha Response	3/97	0.504719180732881	0.647422217263532	1.12299806576402	0.767853388694454	SELL;IFIT2;OASL	38	MSigDB_Hallmark_2020
Spermatogenesis	4/135	0.515295234148525	0.647422217263532	1.07431972079701	0.71229038231138	JAM3;PIAS2;PCSK1N;GSTM3	39	MSigDB_Hallmark_2020
Pperoxisome	3/104	0.551756664964185	0.675901914581127	1.04478847884788	0.621281540514873	PRDX1;PABPC1;DHRS3	40	MSigDB_Hallmark_2020
DNA Repair	4/150	0.598632869800146	0.694135571253824	0.963195847992614	0.494222314240608	PNP;STX3;NME4;GUK1	41	MSigDB_Hallmark_2020
Unfolded Protein Response	3/113	0.608167155602006	0.694135571253824	0.958859504132231	0.47684611263481	XBP1;RPS14;SERP1	42	MSigDB_Hallmark_2020
Angiogenesis	1/36	0.635896558541019	0.694135571253824	1.0047619047619	0.454875179209922	TIMP1	43	MSigDB_Hallmark_2020
Fatty Acid Metabolism	4/158	0.639398520784773	0.694135571253824	0.912781207863175	0.408220726018146	S100A10;GABARAPL1;ENO2;LDHA	44	MSigDB_Hallmark_2020
G2-M Checkpoint	5/200	0.65163747505461	0.694135571253824	0.90080479131574	0.385784867867201	MYC;TGFB1;CDC25B;NOTCH2;HMGA1	45	MSigDB_Hallmark_2020
Xenobiotic Metabolism	5/200	0.65163747505461	0.694135571253824	0.90080479131574	0.385784867867201	SPINT2;GABARAPL1;IGFBP4;CYB5A;UPP1	45	MSigDB_Hallmark_2020
Adipogenesis	4/200	0.807039318669199	0.823852637808141	0.715623954499833	0.153417531433194	UQCR10;MGST3;ESYT1;UCP2	47	MSigDB_Hallmark_2020
KRAS Signaling Dn	4/200	0.807039318669199	0.823852637808141	0.715623954499833	0.153417531433194	LYPD3;SKIL;CAMK1D;DLK2	47	MSigDB_Hallmark_2020
Bile Acid Metabolism	1/112	0.957117464539655	0.957117464539655	0.315576446011229	0.0138314482078485	GCLM	49	MSigDB_Hallmark_2020
