# factor-levels: seurat_clusters=c1|c2|c3|c4|c5|c6|c7|c8|c9|c10|c11|c12|c13|c14|c15|c16|c17|c18|c19|c20|c21|c22|c23|c24|c25|c26|c27

p_val	avg_log2FC	pct.1	pct.2	p_val_adj	gene	seurat_clusters
1.4779576579772e-11	2.3399515368241	0.017	0.006	4.95677439332395e-07	PKIG	c7
9.72202080252977e-47	2.28258013426283	0.045	0.012	3.26057133675243e-42	IL26	c7
9.17375898346046e-52	2.02423920518648	0.058	0.018	3.07669528787297e-47	HLF	c7
1.12069942503261e-106	1.89042248235177	0.142	0.049	3.75860173167437e-102	TNFSF13B	c7
5.96680969202908e-32	1.74617069750558	0.069	0.03	2.00114863451271e-27	SMCO4	c7
2.22311128001211e-27	1.67164770333585	0.052	0.021	7.45587061090462e-23	TRAV10	c7
1.48259198896829e-09	1.65714660040651	0.018	0.007	4.97231701260184e-05	FAM131B	c7
2.51055621147493e-09	1.59042361266276	0.015	0.006	8.41990342204463e-05	COL5A1	c7
3.4470052065335e-45	1.53405146309418	0.097	0.042	1.15605660616721e-40	LINC02384	c7
4.34692223553622e-66	1.48965971928077	0.141	0.061	1.45787077935414e-61	TMIGD2	c7
1.00344806836028e-06	1.47312090708872	0.018	0.009	0.033653641316667	PPARG	c7
1.98872757453804e-18	1.4247550211082	0.046	0.021	6.66979453948568e-14	TMEM163	c7
2.48351454835436e-13	1.38919679506805	0.03	0.013	8.32921109227084e-09	PGLYRP2	c7
1.43793673581337e-07	1.35869463404443	0.019	0.009	0.00482255222457088	ZFHX3	c7
1.36311636268295e-06	1.33905165461975	0.015	0.007	0.0457161965716609	TRBV6-4	c7
5.13302152398272e-12	1.31800425729262	0.034	0.017	1.72151275871333e-07	PLD6	c7
3.03485165705672e-17	1.22680117509496	0.067	0.037	1.01782854874368e-12	FSD1	c7
2.5541835986622e-245	1.22276350026376	0.521	0.26	8.56622095319328e-241	ANKRD28	c7
1.06239494273989e-06	1.21868388535313	0.018	0.009	0.0356306015896106	AK4	c7
2.26461581645359e-13	1.18483386124946	0.055	0.03	7.59506852522206e-09	GPR34	c7
1.09861987104152e-17	1.18193718179608	0.05	0.024	3.68455132349904e-13	CLNK	c7
5.65446302649195e-36	1.15664587571803	0.165	0.097	1.89639380982487e-31	CTSH	c7
1.19417522095269e-59	1.14710031488807	0.236	0.137	4.00502485603112e-55	CAPG	c7
9.60288372439748e-108	1.14167529404194	0.358	0.201	3.22061514348843e-103	GPR25	c7
1.09869533362125e-67	1.11742830482252	0.285	0.171	3.68480440989893e-63	ETV7	c7
5.84286823265252e-09	1.11329479566284	0.039	0.022	0.0001959581147867	CD101	c7
7.45016685576445e-16	1.11240653195746	0.073	0.042	2.49863696008628e-11	TMEM200A	c7
1.37878249816732e-07	1.09964772997821	0.033	0.019	0.00462416074235355	TIMP1	c7
5.61624080359763e-55	1.08918831097522	0.233	0.134	1.88357484071057e-50	TRAV21	c7
1.42038071016975e-43	1.08097838583999	0.185	0.107	4.76367282576729e-39	GPR68	c7
1.65386280853919e-55	1.07711009391584	0.199	0.11	5.54672508727873e-51	CYTH4	c7
2.88422153039288e-17	1.07167652596088	0.075	0.042	9.67310216863164e-13	IRS2	c7
2.2783901338682e-07	1.07126942740462	0.045	0.029	0.00764126483096717	NCR3	c7
6.63030741692154e-21	1.0368545676499	0.111	0.067	2.22367250148715e-16	NCF4	c7
1.11140940629948e-09	1.03408851611925	0.041	0.023	3.72744486684719e-05	TRAV13-1	c7
1.5420796314506e-09	1.03051024697552	0.046	0.028	5.17182666795903e-05	ARHGEF12	c7
8.72735161890443e-32	0.999167016117493	0.193	0.127	2.92697918594817e-27	CALHM2	c7
4.23479677794984e-22	0.994794226029347	0.125	0.078	1.42026614338882e-17	RFX2	c7
1.76542275252042e-124	0.983900749278665	0.417	0.243	5.92087482740299e-120	DAPK2	c7
2.62123539738131e-113	0.967199435479387	0.409	0.245	8.79109927573744e-109	TNFRSF25	c7
6.60166663529585e-16	0.961187495641007	0.105	0.067	2.21406695614552e-11	FNDC9	c7
8.8242012470206e-89	0.951787495049351	0.401	0.257	2.95946061422577e-84	TIFA	c7
3.75828224198109e-32	0.95017924561037	0.153	0.091	1.26045269831562e-27	ADAM19	c7
1.1864099382312e-08	0.939115793352986	0.081	0.057	0.000397898165083979	SAC3D1	c7
8.14542921397812e-07	0.927462176541885	0.034	0.02	0.0273181404978398	TRDV1	c7
2.99671864447742e-158	0.919071192194872	0.696	0.504	1.00503949898484e-153	LGALS3	c7
9.00111853408073e-08	0.890569592412968	0.069	0.048	0.00301879513396	TRAV9-2	c7
8.15456586752938e-213	0.889504182889805	0.832	0.607	2.734878300652e-208	S100A4	c7
1.40221111317578e-21	0.888494812617982	0.133	0.085	4.70273563136892e-17	CSGALNACT1	c7
2.17329275189171e-14	0.886761412468821	0.108	0.072	7.28878923129441e-10	TMED8	c7
5.04169542259575e-07	0.87137783539867	0.065	0.045	0.0169088381083016	MREG	c7
8.84540071935818e-07	0.870800350760223	0.073	0.053	0.0296657049325835	CPPED1	c7
2.40053629579215e-104	0.865742445754551	0.515	0.356	8.05091862882772e-100	FOXP1	c7
2.21332350579286e-08	0.861758575470072	0.07	0.047	0.000742304437372808	HOXB4	c7
9.36207909328165e-24	0.860556754950785	0.148	0.094	3.1398540863048e-19	CEBPD	c7
2.00944606811876e-07	0.852857601320987	0.06	0.041	0.00673928022325671	CORO2A	c7
2.64398754659322e-10	0.844490996644405	0.115	0.085	8.86740543376435e-06	CBR3	c7
9.65301035788895e-16	0.843699352520572	0.101	0.064	3.23742661382879e-11	CD9	c7
4.8167497858175e-199	0.838405645425012	0.833	0.625	1.61544154316747e-194	CXCL13	c7
5.86057224130416e-16	0.837972230854799	0.1	0.063	1.96551871828859e-11	IL18RAP	c7
6.09667596263008e-07	0.835614317227548	0.074	0.053	0.0204470318434687	STN1	c7
2.1427257101218e-20	0.833375052777174	0.195	0.142	7.18627348660649e-16	FAM3C	c7
6.91430698939914e-07	0.828066479147065	0.066	0.046	0.0231892027810468	MARCH2	c7
1.30968469979494e-20	0.826760434235247	0.131	0.083	4.39242054617226e-16	TNFRSF12A	c7
9.23193860347789e-13	0.820152794642848	0.089	0.058	3.09620756883442e-08	FGL2	c7
1.30556888148491e-15	0.81861991700687	0.108	0.071	4.37861691472408e-11	KIF5C	c7
1.32653549023799e-96	0.801593841190803	0.542	0.386	4.44893472716017e-92	PIM1	c7
8.6210244840306e-60	0.80122710554443	0.398	0.283	2.89131919145418e-55	FKBP11	c7
4.40404452683663e-12	0.796174621584705	0.115	0.081	1.47702845341047e-07	SYNGR3	c7
9.3126819555288e-07	0.79424985470718	0.155	0.131	0.0312328727424525	NSMCE1	c7
4.70331013025433e-09	0.791504908795468	0.066	0.043	0.00015773961514847	TRBV6-5	c7
3.58573325835902e-09	0.788672113865021	0.121	0.092	0.000120258322018845	AC022706.1	c7
1.22826872435578e-56	0.787220334013509	0.36	0.251	4.11936764774442e-52	CRY1	c7
8.75935441979171e-46	0.772864665324239	0.305	0.21	2.93771228530975e-41	MAST4	c7
5.13037485027969e-43	0.770259101261004	0.366	0.27	1.7206251172868e-38	MSC	c7
5.71404850637107e-09	0.768492603228309	0.082	0.058	0.000191637758806673	ATP10D	c7
2.45828138617042e-13	0.766916914190993	0.106	0.072	8.24458411293835e-09	APBA2	c7
4.11680846936579e-26	0.763931821186529	0.213	0.147	1.3806952244559e-21	PDLIM4	c7
3.51742084398692e-20	0.763301859729937	0.224	0.17	1.17967260265633e-15	KDSR	c7
4.03151269215518e-44	0.760229412572351	0.273	0.181	1.352088726695e-39	INPP5F	c7
5.69438056215393e-55	0.759881507522717	0.405	0.303	1.90978135293518e-50	ARL6IP6	c7
8.51098978318966e-07	0.757269921538519	0.066	0.047	0.0285441575348615	MTM1	c7
4.2647126717046e-152	0.754613424559712	0.679	0.444	1.43029933583629e-147	CXCR6	c7
1.0082192605457e-06	0.752746995476258	0.064	0.045	0.0338136575601818	HIPK2	c7
6.30649550256557e-48	0.751249973752173	0.361	0.263	2.11507246165044e-43	CARD19	c7
7.05658227289315e-07	0.750131494819773	0.075	0.055	0.0236663656268291	CRACR2A	c7
9.52599994449299e-12	0.739785714198637	0.14	0.104	3.19482986138406e-07	TMEM173	c7
6.98316681419904e-10	0.737031753260784	0.154	0.122	2.34201448614607e-05	CKLF	c7
7.46624902664223e-07	0.73640958248074	0.048	0.031	0.0250403059855527	TRBV3-1	c7
4.27092507057953e-12	0.727543174771609	0.184	0.147	1.43238285017096e-07	GLO1	c7
1.85844922766356e-14	0.72163139565961	0.158	0.116	6.23286701973806e-10	RIN3	c7
2.49534401579803e-254	0.721576129846371	0.964	0.838	8.36888476018342e-250	S100A6	c7
3.99973658388513e-84	0.719555964591312	0.577	0.448	1.34143165550339e-79	ITGB1	c7
7.77878071429055e-13	0.710140327629701	0.131	0.094	2.60884747595877e-08	POU2F2	c7
2.06506571386068e-08	0.709711217803694	0.135	0.106	0.000692581739114596	CPNE2	c7
4.79750453244948e-60	0.701323528772094	0.477	0.369	1.60898707009291e-55	HDLBP	c7
5.53444541802558e-33	0.699236095869039	0.301	0.224	1.85614230429742e-28	GRAP2	c7
1.83499478601407e-30	0.682708121613285	0.319	0.246	6.15420551333399e-26	CYB5A	c7
6.18498342889963e-17	0.676031050207293	0.226	0.176	2.07431974238436e-12	PLEKHF1	c7
5.10944723720092e-48	0.674576509748263	0.357	0.25	1.71360641441244e-43	SYTL2	c7
3.76642150378994e-07	0.670278834087246	0.094	0.071	0.0126318244394107	MXI1	c7
9.76766228348655e-08	0.668793282838015	0.161	0.134	0.00327587857663572	PRDX4	c7
8.2529701387492e-126	0.66138515290204	0.78	0.64	2.76788112513371e-121	ARL6IP5	c7
1.74353267195691e-163	0.658614952533972	0.872	0.715	5.84745987520909e-159	S100A11	c7
7.57593378260604e-12	0.652724981006507	0.175	0.137	2.54081667201041e-07	TMEM120A	c7
7.52049680960159e-10	0.651164416807294	0.157	0.124	2.52222422000418e-05	PQLC3	c7
2.68263993896954e-10	0.649272443809567	0.169	0.135	8.99703782731605e-06	SLC43A3	c7
9.73064473464124e-08	0.644688668160384	0.09	0.066	0.00326346363110398	LFNG	c7
3.2559467006316e-07	0.644359427666075	0.112	0.087	0.0109197940445783	LINC02195	c7
1.3978404537436e-110	0.642127282012512	0.766	0.617	4.68807731376529e-106	MYL12A	c7
5.50615968680811e-49	0.641407482814584	0.466	0.37	1.8466558357617e-44	RAP1A	c7
3.95913222619304e-13	0.635080568332292	0.183	0.141	1.32781376602062e-08	DDAH2	c7
7.99226016063433e-40	0.632016697062773	0.442	0.356	2.68044421267354e-35	TRAC	c7
6.74829122130168e-18	0.622262459372609	0.262	0.211	2.26324190980016e-13	TMEM147	c7
1.90457194572323e-82	0.618043853109255	0.435	0.284	6.38755339156656e-78	RORA	c7
4.43107141643841e-14	0.612340423404448	0.252	0.206	1.48609273164511e-09	SLC1A4	c7
2.15254432566434e-50	0.606934167170039	0.448	0.325	7.21920315941306e-46	KLRB1	c7
3.25441601711522e-29	0.604292540436731	0.352	0.28	1.0914660438201e-24	ARL3	c7
1.79587281620815e-16	0.599214464391321	0.199	0.145	6.02299825099889e-12	TRBV27	c7
5.2698562332653e-13	0.594870930644563	0.189	0.146	1.76740438351252e-08	KLF10	c7
4.41209837533199e-26	0.593351806638612	0.35	0.285	1.47972955311884e-21	TMEM123	c7
9.79488693623484e-135	0.591788036235822	0.86	0.724	3.28500918067444e-130	EMP3	c7
5.4760431495503e-12	0.584997453911575	0.224	0.185	1.83655535149618e-07	RNF187	c7
5.19179117606318e-15	0.584616155265134	0.287	0.246	1.74122292462807e-10	PRDX3	c7
9.98610298265902e-46	0.582302916418529	0.513	0.434	3.34913921832418e-41	TBCB	c7
1.92900805181444e-11	0.580443118628429	0.134	0.098	6.46950720417527e-07	BMF	c7
9.75392376089033e-07	0.579019872099928	0.117	0.094	0.032712709509274	ESYT2	c7
1.65431642159115e-15	0.577854819980236	0.249	0.203	5.54824641473239e-11	PLPP1	c7
5.43855058779111e-26	0.57783449170948	0.389	0.331	1.82398109613338e-21	CMTM3	c7
1.11718832973939e-15	0.575333759744977	0.254	0.204	3.74682622027996e-11	BBC3	c7
7.24027257713569e-14	0.573356352547842	0.064	0.037	2.42824261691977e-09	CCL20	c7
1.94950295051018e-14	0.570819736508101	0.233	0.19	6.53824299542104e-10	CCM2	c7
1.23485359927982e-39	0.568382124005124	0.469	0.384	4.14145200126467e-35	CD63	c7
5.07200227693942e-159	0.568168857738596	0.92	0.806	1.70104812363994e-154	CD2	c7
1.08758850106887e-07	0.567355799612592	0.155	0.127	0.00364755431488476	B4GALT5	c7
8.13162425093112e-78	0.551029605011277	0.698	0.575	2.72718414127728e-73	YWHAH	c7
2.05458458872469e-62	0.548817288124459	0.559	0.442	6.89066579366485e-58	IKZF3	c7
9.84498295906703e-48	0.547460082336606	0.439	0.333	3.3018103848119e-43	THEMIS	c7
1.48953767662e-10	0.546426832526476	0.236	0.201	4.99561145984815e-06	SMIM29	c7
1.18970639428115e-12	0.546066637708798	0.233	0.193	3.99003730514012e-08	IKBIP	c7
4.71644469790574e-08	0.543909986603584	0.215	0.188	0.00158180122278363	MRPL15	c7
4.02487241685984e-38	0.541930586766073	0.489	0.414	1.34986171116645e-33	GTF3A	c7
2.37109951309307e-15	0.537290844086204	0.35	0.303	7.95219354701154e-11	MT1F	c7
2.41372168028653e-08	0.530826928288207	0.162	0.131	0.000809513977134498	HOXB2	c7
4.54566732577106e-07	0.520315544702291	0.117	0.092	0.015245259077171	MPRIP	c7
1.00265703621012e-29	0.515702823668339	0.482	0.412	3.3627111680415e-25	MT1X	c7
4.67122796836201e-07	0.513982115925199	0.122	0.096	0.0156663643602925	ATE1	c7
1.13055871191774e-16	0.512792875409735	0.262	0.21	3.7916678080297e-12	SPTY2D1	c7
1.24320771516269e-14	0.512168334169814	0.253	0.207	4.16947003511262e-10	IRF2	c7
4.13623159816335e-29	0.511797161757156	0.456	0.392	1.38720935339202e-24	ARPC1B	c7
3.35121096163779e-18	0.51138378608489	0.239	0.18	1.12392913231408e-13	IFITM3	c7
3.32439031197052e-53	0.510203160845265	0.576	0.469	1.11493402282867e-48	FKBP5	c7
2.41935526857572e-08	0.50744479637088	0.199	0.168	0.000811403369974926	SUSD3	c7
1.3265266371202e-06	0.505235290310538	0.169	0.144	0.0444890503557374	TNFRSF1A	c7
6.54045158313346e-11	0.501002525175586	0.261	0.227	2.1935366519513e-06	ECH1	c7
5.44989361825691e-11	0.497057606486391	0.192	0.152	1.827785321691e-06	LAYN	c7
1.5796122484779e-74	0.496373738080372	0.782	0.704	5.29770355894518e-70	RAP1B	c7
4.07086213265126e-11	0.496347313986645	0.278	0.245	1.36528574204858e-06	REXO2	c7
1.44682338711575e-07	0.495315019291545	0.153	0.125	0.00485235627570882	RFFL	c7
1.12397947203885e-102	0.494965752822671	0.874	0.784	3.7696023533239e-98	CD99	c7
5.6334475630276e-45	0.494675098966686	0.618	0.528	1.8893456436882e-40	CTSW	c7
1.43984676585914e-10	0.493420005260086	0.269	0.237	4.82895808333837e-06	TSR3	c7
1.03026495396776e-32	0.49336122615148	0.508	0.433	3.45530260261706e-28	LCK	c7
9.17258374141372e-39	0.48814612747333	0.434	0.334	3.07630113519533e-34	PHLDA1	c7
3.74748859624738e-08	0.486315421964442	0.148	0.118	0.00125683272540945	ABCB1	c7
4.26278942170906e-38	0.485038121246454	0.566	0.489	1.42965431625278e-33	LPXN	c7
8.69082234226737e-51	0.481515414785411	0.556	0.452	2.91472799714963e-46	JAML	c7
7.50983042425735e-17	0.480776332308983	0.357	0.305	2.51864692768743e-12	MIR4435-2HG	c7
4.21223663684859e-72	0.479484142743215	0.835	0.715	1.41269992326628e-67	HLA-DRB5	c7
1.30852712061678e-10	0.476286796742072	0.211	0.173	4.38853825712455e-06	SLAMF1	c7
6.77046181141398e-101	0.473469851382621	0.83	0.64	2.27067748231202e-96	ALOX5AP	c7
1.31675264646384e-44	0.470873371944188	0.611	0.527	4.41612502571044e-40	ZYX	c7
1.99821492524116e-45	0.469366123703691	0.599	0.482	6.7016132162738e-41	HLA-DQA2	c7
6.39452503557724e-21	0.467207757655799	0.432	0.372	2.1445958064319e-16	PIM2	c7
1.85956962855471e-15	0.466202739811614	0.331	0.286	6.23662462024679e-11	RALBP1	c7
9.12757886888895e-55	0.466201402959088	0.598	0.496	3.06120740104798e-50	PTPN22	c7
3.18481762618474e-18	0.465796442191981	0.364	0.313	1.06812413546984e-13	SMARCA2	c7
1.43888636496347e-10	0.464899687495287	0.31	0.28	4.82573709081448e-06	VOPP1	c7
1.57156692049504e-21	0.45891644690357	0.406	0.351	5.27072113795626e-17	ARRB2	c7
4.19534688704762e-20	0.458547391081001	0.429	0.38	1.40703543897803e-15	SRI	c7
1.40242581295355e-51	0.457609755736425	0.688	0.594	4.70345569148363e-47	FYB1	c7
5.02042323005429e-41	0.456908618112409	0.661	0.599	1.68374954289561e-36	PDCD4	c7
7.86581309489749e-16	0.45569453324379	0.353	0.311	2.63803639576672e-11	EHD1	c7
1.24404480528754e-08	0.45422043781397	0.275	0.243	0.000417227746797335	RHOB	c7
1.00001131216806e-22	0.453819304977085	0.445	0.389	3.35383793874923e-18	ANP32A	c7
1.34908873829078e-51	0.453776539304485	0.661	0.565	4.52457381047961e-47	FAM107B	c7
5.5174511032775e-95	0.45186294988771	0.829	0.696	1.85044275101721e-90	RBPJ	c7
4.05382955984119e-14	0.441833724857259	0.347	0.312	1.35957335777954e-09	TMEM160	c7
4.06541690141577e-22	0.441532603432751	0.475	0.427	1.36345952039682e-17	TSPO	c7
2.10408173782621e-09	0.440834892464258	0.315	0.291	7.05666933232153e-05	C19orf70	c7
1.51506134627125e-37	0.43816328322995	0.633	0.581	5.08121274312453e-33	WDR1	c7
4.83248199632558e-25	0.436617481884112	0.468	0.412	1.62071781192767e-20	PDCD5	c7
1.90893642503314e-36	0.43478728046537	0.569	0.49	6.40219098227616e-32	NME2	c7
7.29392028075117e-12	0.431172438378206	0.312	0.273	2.44623498375833e-07	EVI2B	c7
1.81844626902033e-64	0.430076279782953	0.756	0.656	6.09870509704038e-60	ANXA2	c7
1.01133469364801e-14	0.428713611796007	0.253	0.206	3.39181429555668e-10	ARNTL	c7
4.00676634121834e-77	0.426093561303143	0.852	0.769	1.34378929551781e-72	TMEM50A	c7
6.99894219562412e-09	0.420539401285643	0.266	0.236	0.000234730523356842	YPEL3	c7
9.85378092543392e-09	0.420430721720007	0.284	0.257	0.000330476104677203	CCDC107	c7
9.57097049589915e-37	0.419951661672187	0.656	0.567	3.20991208491466e-32	HLA-DQB1	c7
2.43375821503442e-60	0.419832421293412	0.779	0.697	8.16233830158244e-56	ATP5MD	c7
5.12332715087043e-19	0.419234414539431	0.315	0.26	1.71826145985892e-14	ODF2L	c7
1.0113370849882e-32	0.418470586080844	0.599	0.522	3.39182231563342e-28	TIGIT	c7
6.98680709912672e-15	0.417654220490706	0.388	0.352	2.34323536490512e-10	BAX	c7
2.92454671991151e-11	0.415317834637737	0.2	0.162	9.80834478923921e-07	PIK3CD	c7
6.19245403834778e-07	0.41404971590104	0.259	0.238	0.0207682523538108	DPY30	c7
2.91090076983265e-30	0.413803001706969	0.446	0.375	9.76257900186476e-26	CAMK4	c7
2.30939471735697e-28	0.413464908706394	0.501	0.447	7.74524800307181e-24	SEPT2	c7
3.32318691093711e-11	0.412557738675835	0.357	0.325	1.11453042619009e-06	PPP1R18	c7
1.40335528605744e-11	0.409973796298239	0.353	0.322	4.70657295837945e-07	RRAGC	c7
1.87729412664304e-10	0.408548559281836	0.336	0.306	6.29606904193543e-06	CCDC167	c7
5.09644655186491e-22	0.408282521341691	0.461	0.409	1.70924624456446e-17	TSPAN14	c7
2.02607535464848e-12	0.40824817685075	0.357	0.325	6.79505152442006e-08	PIN1	c7
5.08553577169111e-12	0.407334701444735	0.369	0.341	1.70558698710976e-07	DCTN2	c7
1.49425007101851e-17	0.406770571845309	0.441	0.402	5.01141588818187e-13	MRPL51	c7
1.5414166072304e-64	0.404879469599732	0.7	0.588	5.16960301732932e-60	ITGAE	c7
1.19438775675359e-07	0.404864091558323	0.268	0.244	0.0040057376586002	FAM104A	c7
1.48118413000297e-07	0.403471066065183	0.243	0.215	0.00496759533520395	CAB39	c7
1.42339063471734e-34	0.400989600180819	0.623	0.561	4.77376751071502e-30	CD3G	c7
5.23148197817586e-19	0.400697584511004	0.471	0.429	1.75453442584062e-14	PDIA6	c7
7.11577535477585e-31	0.39800677785293	0.488	0.408	2.38648873848472e-26	ZC3H12A	c7
2.89722196347637e-08	0.396815565215835	0.256	0.224	0.000971670302110706	RARA	c7
2.11990300145894e-07	0.396733050794796	0.314	0.296	0.00710973068629299	DHRS7	c7
7.84436677867847e-112	0.396195770205664	0.978	0.89	2.63084373023318e-107	SH3BGRL3	c7
1.78703235825517e-09	0.395965977236546	0.352	0.332	5.99334912311619e-05	CMPK1	c7
9.35028842567398e-11	0.393628003625107	0.289	0.256	3.13589973220254e-06	EPS15	c7
2.59410374930969e-22	0.392953815558597	0.359	0.29	8.70010515443484e-18	GLUL	c7
3.26999087069193e-18	0.392621753202832	0.412	0.368	1.09668953821266e-13	ILK	c7
6.2203531058366e-29	0.392366001900553	0.474	0.405	2.08618202463548e-24	NELL2	c7
1.83231815789865e-09	0.392161916961994	0.333	0.307	6.14522863796049e-05	TXNL4A	c7
3.19101195591512e-83	0.392002905148563	0.994	0.95	1.07020158977481e-78	VIM	c7
1.88109999706075e-25	0.391377422025373	0.527	0.469	6.30883317014233e-21	GBP2	c7
3.68241242209207e-07	0.391004835989572	0.291	0.269	0.0123500747812124	SLC52A2	c7
4.95455833054943e-31	0.386351886126332	0.642	0.572	1.66165977289967e-26	ANXA5	c7
1.29034471297473e-06	0.384885682674768	0.293	0.275	0.0432755809837466	PTDSS1	c7
3.95614592554206e-38	0.38462061368712	0.616	0.542	1.3268122205083e-33	APBB1IP	c7
1.36182498173249e-08	0.382487317216907	0.207	0.167	0.000456728862373444	TRBV19	c7
2.22588050226185e-09	0.382447651439497	0.277	0.247	7.46515802848579e-05	USP3	c7
8.43519337420213e-07	0.381151444495961	0.271	0.25	0.0282899515383991	ACTR10	c7
2.43182131141278e-28	0.378003588606494	0.571	0.506	8.1558423142162e-24	RAB27A	c7
4.43920952446392e-20	0.377723010688226	0.414	0.362	1.48882209031471e-15	DIAPH1	c7
2.59450985488389e-58	0.377575923225083	0.846	0.731	8.70146715130957e-54	MT2A	c7
2.92592469650895e-25	0.377315203887698	0.515	0.46	9.81296624715173e-21	VPS28	c7
3.07493412088081e-11	0.377123136609151	0.251	0.209	1.03127140546101e-06	GBP5	c7
1.11475584089003e-11	0.375074023238612	0.415	0.39	3.73866813917697e-07	ANAPC11	c7
5.69788467691537e-46	0.373993315203401	0.348	0.239	1.91095656294388e-41	IFNG	c7
2.73132562421717e-34	0.373329338788608	0.676	0.586	9.16031987849955e-30	HLA-DRA	c7
1.68090689365808e-21	0.372502445619282	0.487	0.438	5.63742553995048e-17	PPA1	c7
3.9167932371318e-32	0.372326346145545	0.621	0.566	1.31361411586926e-27	TNIP1	c7
1.72533047186424e-29	0.37189625466384	0.728	0.663	5.78641333653829e-25	BATF	c7
4.07298876814058e-70	0.37154868715079	0.633	0.454	1.36599897305899e-65	IL7R	c7
1.1544381351342e-26	0.370363489626636	0.621	0.564	3.87175461761308e-22	TXN	c7
3.28606310750495e-10	0.370225487493676	0.393	0.372	1.10207984499501e-05	POLR2K	c7
4.83574138786162e-42	0.369608580708723	0.723	0.625	1.62181094666103e-37	HLA-DQA1	c7
7.71968579314338e-10	0.367347984388282	0.374	0.355	2.58902822130443e-05	CDC123	c7
1.27729415885877e-18	0.366891260060783	0.479	0.441	4.28378914998056e-14	RBM17	c7
4.81552175783757e-07	0.36661489461469	0.325	0.309	0.0161502968714357	IAH1	c7
2.44802453151045e-32	0.366141327235067	0.65	0.596	8.21018467377975e-28	RBX1	c7
3.44165976648035e-08	0.366116934203565	0.323	0.302	0.00115426385248218	HMOX2	c7
2.7457384514211e-11	0.365056755348618	0.247	0.206	9.20865761837608e-07	TRAF3IP3	c7
9.84441822260624e-12	0.364700733407847	0.391	0.362	3.30162098349768e-07	DEGS1	c7
4.33682012665308e-39	0.361151515982458	0.562	0.464	1.45448273407691e-34	MBP	c7
1.78953975000791e-24	0.360847737211243	0.495	0.433	6.00175841357652e-20	LCP2	c7
6.23544777391068e-15	0.358986559137597	0.352	0.306	2.09124447441416e-10	PAG1	c7
6.08028649813151e-13	0.357771169494153	0.43	0.402	2.03920648574335e-08	ADSS	c7
1.06151205380885e-12	0.356811631701124	0.405	0.378	3.56009912606411e-08	CYB5R3	c7
5.16927842446032e-10	0.355161006244031	0.36	0.336	1.7336725979955e-05	GNB1	c7
5.18662549512095e-15	0.35044384820203	0.446	0.413	1.73949045855367e-10	SNX3	c7
1.29121519145868e-37	0.349684223650728	0.705	0.641	4.33047750911413e-33	STK17A	c7
5.76508262185487e-33	0.349134297004832	0.665	0.593	1.93349340971769e-28	MRPS6	c7
1.40900086896283e-41	0.34840534544161	0.765	0.706	4.72550711432753e-37	UBE2D2	c7
2.95258048988637e-07	0.347534054584293	0.369	0.357	0.00990236444698091	DAD1	c7
3.99204846549743e-08	0.346380214441143	0.293	0.267	0.00133885321435853	MAP7D1	c7
1.25579609816472e-11	0.345662389138288	0.359	0.323	4.21168895402485e-07	PRNP	c7
3.15408497975638e-12	0.345135570766749	0.413	0.38	1.05781702051069e-07	PTPN1	c7
9.19328257805915e-11	0.344576499362208	0.39	0.365	3.08324311102948e-06	HNRNPL	c7
1.86533707460162e-09	0.342909417456282	0.357	0.329	6.25596748079892e-05	MGST3	c7
5.39377219699422e-12	0.338165294625377	0.448	0.426	1.80896331942792e-07	COPS9	c7
2.26179116338069e-09	0.333407863072702	0.369	0.345	7.58559520374616e-05	VDAC3	c7
2.27442577344126e-09	0.333113666723467	0.392	0.373	7.62796915896729e-05	YIPF3	c7
6.76655321494082e-69	0.331473806384137	0.92	0.843	2.26936661722685e-64	MYL12B	c7
1.57340753322332e-50	0.327997218418513	0.975	0.916	5.27689418492437e-46	CD74	c7
2.8014338070575e-15	0.327912465384097	0.52	0.496	9.39544870210944e-11	MRPL41	c7
1.27643831557844e-44	0.326906635799505	0.884	0.796	4.28091882278696e-40	HLA-DRB1	c7
1.25379472181212e-12	0.32561509816731	0.454	0.427	4.2049767380135e-08	PRKAR1A	c7
5.50757558588876e-12	0.325572346684413	0.445	0.422	1.84713069999537e-07	POLR2I	c7
1.18485699934697e-14	0.325279082505393	0.485	0.456	3.97377340440987e-10	CCNDBP1	c7
5.25250024094761e-10	0.325086645912624	0.426	0.41	1.76158353080901e-05	CCT5	c7
1.20198526616595e-15	0.324397541914254	0.325	0.276	4.03121818566738e-11	PRRC2B	c7
6.18985615246115e-19	0.324220480294971	0.486	0.436	2.07595395641242e-14	MGAT4A	c7
1.02076011634046e-25	0.323693644267034	0.628	0.586	3.42342527818264e-21	ACTR3	c7
9.78174540438957e-40	0.322916133764621	0.789	0.724	3.28060177372417e-35	ISCU	c7
8.77451103921512e-12	0.322575311883868	0.388	0.357	2.94279551233197e-07	PWP1	c7
9.54451065361774e-42	0.322312931916858	0.863	0.804	3.20103798301032e-37	PGK1	c7
4.12756246313229e-10	0.321803084157521	0.38	0.347	1.38430189888531e-05	ATP2B1	c7
1.51375441011318e-15	0.321308104729784	0.502	0.471	5.07682954063757e-11	PTP4A2	c7
1.48890878791197e-15	0.321032150626222	0.519	0.491	4.99350229289915e-11	APRT	c7
1.33087753361496e-12	0.319313274280486	0.463	0.435	4.46349707223786e-08	ATP5PF	c7
2.00527539692675e-11	0.319247599342696	0.487	0.47	6.72529262621292e-07	ATP5F1C	c7
3.35645092437792e-17	0.318616083106233	0.52	0.485	1.12568651101787e-12	KRAS	c7
2.25868782828359e-09	0.318518681253782	0.43	0.414	7.5751872384975e-05	SRP9	c7
2.75762724706434e-17	0.317741390081518	0.546	0.519	9.24853026120437e-13	NDUFB2	c7
6.54676543998927e-74	0.31727677225659	0.973	0.886	2.1956541932636e-69	CD7	c7
1.54471861683888e-48	0.317141891672957	0.893	0.818	5.18067729715423e-44	CLIC1	c7
1.39798791576928e-21	0.316888721255349	0.605	0.561	4.68857187190702e-17	DYNLRB1	c7
3.42722396550632e-12	0.3166000753974	0.465	0.443	1.14942237355151e-07	SSNA1	c7
3.23361882720807e-09	0.314620961761839	0.405	0.385	0.000108449108226904	CBX3	c7
6.63334195061099e-09	0.314449133050419	0.418	0.4	0.000222469022339591	RHOF	c7
2.65016670230024e-10	0.313382757881545	0.48	0.463	8.88812908617454e-06	TBCA	c7
3.23571814665062e-09	0.313291747055475	0.355	0.328	0.000108519515202368	SYT11	c7
4.29857538900346e-17	0.312429115263733	0.537	0.5	1.44165621396398e-12	DEK	c7
1.79890131483388e-19	0.310752437923969	0.586	0.545	6.03315522968987e-15	STK17B	c7
4.68186308677197e-23	0.309238439733326	0.585	0.525	1.57020324204158e-18	CD82	c7
3.46684747012265e-12	0.30789866592694	0.509	0.487	1.16271130452973e-07	PEBP1	c7
8.95719253785973e-15	0.307150038444797	0.539	0.497	3.0040632333474e-10	TRBC1	c7
6.58617443267202e-17	0.306052766542322	0.501	0.468	2.20887118122954e-12	RAD23A	c7
5.5028471152619e-07	0.304880770265346	0.354	0.334	0.0184554486551653	YIPF5	c7
2.88985895168325e-16	0.301737541564376	0.505	0.468	9.69200895215528e-12	EIF3J	c7
4.56432699968499e-45	0.301552454796254	0.864	0.794	1.53078398915435e-40	MIF	c7
2.84388945782485e-07	0.301007367327898	0.402	0.394	0.00953783646365297	NDUFS6	c7
1.26435486517821e-14	0.300070846243292	0.485	0.45	4.24039334683469e-10	SELENOS	c7
5.62107995578256e-14	0.299873957868957	0.547	0.514	1.88519779557036e-09	RGS10	c7
2.01149679274148e-18	0.299379655575035	0.592	0.563	6.74615794349639e-14	UQCR11	c7
8.27286783632505e-35	0.298679148516292	0.724	0.658	2.77455441494669e-30	FAM129A	c7
7.33093416242591e-12	0.298452141634284	0.468	0.446	2.4586486993944e-07	RNH1	c7
5.12075672475812e-10	0.29744625088843	0.454	0.439	1.71739939034938e-05	PSMA6	c7
7.57467907774928e-09	0.297346734910322	0.443	0.427	0.000254039586909555	COX17	c7
1.17511598633797e-09	0.296656164373691	0.375	0.35	3.94110399498027e-05	MFSD10	c7
4.44431851450145e-23	0.29624850868016	0.665	0.623	1.4905355433935e-18	NDUFA6	c7
6.97988065807229e-11	0.296050774007688	0.401	0.37	2.34091237510428e-06	IL27RA	c7
8.31987335069578e-07	0.294772145580353	0.197	0.169	0.0279031912435635	RAPGEF1	c7
8.14385044016675e-22	0.294286246309028	0.55	0.506	2.73128456062313e-17	PPP1R12A	c7
5.60003660231391e-47	0.293249241544169	0.695	0.54	1.87814027568404e-42	LINC02446	c7
3.62989346616311e-09	0.292933721129638	0.45	0.436	0.000121739367068178	TRAPPC1	c7
2.57916737278365e-13	0.292659330482476	0.527	0.508	8.65001153484181e-09	KRTCAP2	c7
3.02577104440484e-35	0.292040343539357	0.809	0.753	1.0147830928725e-30	ITM2B	c7
2.760131087899e-16	0.291865604202997	0.572	0.542	9.25692764259565e-12	SET	c7
1.7874191762495e-12	0.290208617858326	0.518	0.497	5.99464643330559e-08	TWF2	c7
2.87822571243019e-26	0.289292510331758	0.682	0.64	9.65299339434836e-22	UBE2I	c7
4.70817084454515e-24	0.289071436138195	0.664	0.597	1.57902633784355e-19	RAC2	c7
1.36484999309316e-08	0.288242550244281	0.383	0.354	0.000457743390683585	GLIPR1	c7
6.98908398067726e-09	0.286708232867558	0.44	0.429	0.000234399898543954	GTF3C6	c7
3.84539621516498e-36	0.285697985590997	0.741	0.653	1.28966898264203e-31	CD52	c7
2.86520340104513e-09	0.285491549045088	0.416	0.398	9.60931916642516e-05	RHEB	c7
7.90686882497502e-194	0.285136967707916	1	0.979	2.65180566652012e-189	B2M	c7
3.93600942914778e-10	0.284561020498859	0.482	0.47	1.32005884234758e-05	ATP5PB	c7
7.93063414598953e-33	0.284451708855427	0.777	0.688	2.65977607988197e-28	LSP1	c7
2.0994884844471e-08	0.284230050808935	0.419	0.404	0.000704126447913869	MDH2	c7
1.91403978649395e-48	0.283676849525681	0.92	0.86	6.41930663594341e-44	PCBP1	c7
7.45623525288811e-08	0.282103018106598	0.443	0.437	0.00250067217911362	APH1A	c7
1.36804095799153e-19	0.282063349223354	0.488	0.436	4.58813576491199e-15	CELF2	c7
1.4078394959698e-11	0.281106187756376	0.489	0.472	4.72161210158351e-07	ERH	c7
2.40134907954735e-22	0.278904409313227	0.69	0.661	8.0536445429859e-18	POLR2L	c7
4.50186047221475e-33	0.278135770482312	0.849	0.795	1.50983396517138e-28	CD3D	c7
6.83806511230811e-16	0.277483937471305	0.545	0.519	2.29335027736589e-11	PA2G4	c7
7.58600292039409e-49	0.276846283310642	0.948	0.889	2.54419365944177e-44	FTL	c7
1.28666937373624e-21	0.276666303290512	0.441	0.378	4.31523174563661e-17	PLEC	c7
8.14347367241554e-19	0.275469876783195	0.642	0.611	2.73115820025473e-14	DBI	c7
9.22251520928132e-09	0.273939300214706	0.441	0.429	0.000309304715088877	AP2M1	c7
2.13780032495551e-11	0.273736641236425	0.499	0.482	7.16975472983577e-07	C9orf78	c7
2.13041676730558e-10	0.272216906790409	0.486	0.475	7.14499175418946e-06	UBE2L3	c7
5.2977349052486e-10	0.269439735509634	0.478	0.454	1.77675433252228e-05	OSBPL8	c7
2.9929992491799e-10	0.269262973051449	0.498	0.483	1.00379208818996e-05	PCMT1	c7
9.59336442997806e-09	0.269056176854494	0.466	0.453	0.000321742256252604	TRAM1	c7
7.21623681919068e-16	0.268984395506117	0.591	0.561	2.42018150442017e-11	SEC61G	c7
1.60821959653894e-07	0.268397777627908	0.382	0.363	0.0053936468828723	RANBP1	c7
2.42007226433831e-52	0.267062125994063	0.968	0.905	8.11643836013782e-48	TAGLN2	c7
5.48649427872371e-07	0.266980666221979	0.386	0.374	0.0184006045119836	PSMC3	c7
1.51966547998933e-14	0.266518744331901	0.578	0.548	5.09665408678822e-10	SEM1	c7
5.0373577358619e-07	0.266031845976821	0.412	0.401	0.0168942903745336	ARL2BP	c7
7.63770980182451e-18	0.265552366263649	0.638	0.602	2.5615351133359e-13	PPP1CA	c7
3.39289940638347e-10	0.2645172900872	0.751	0.727	1.13791060291289e-05	H2AFZ	c7
4.09857498261687e-21	0.263213701037607	0.622	0.572	1.37458007767005e-16	CYTOR	c7
2.58248510020375e-10	0.263104808570553	0.489	0.469	8.66113852906334e-06	NDUFB10	c7
1.62023028021521e-25	0.262786240183083	0.724	0.672	5.43392831378579e-21	ENO1	c7
6.34062490813212e-09	0.262659558741821	0.477	0.463	0.000212651878168935	PRDX5	c7
2.12026670063641e-17	0.262064469298141	0.578	0.555	7.1109504605944e-13	HCLS1	c7
1.14258259518104e-06	0.26163629018514	0.362	0.345	0.0383199350771818	RNF145	c7
2.08696255620958e-12	0.26080172271299	0.583	0.562	6.9992550210157e-08	ATP5MF	c7
2.6045206533261e-12	0.26028339678594	0.506	0.479	8.73504136712508e-08	YARS	c7
6.11069645331937e-16	0.260127584913071	0.611	0.591	2.04940537651425e-11	CSDE1	c7
1.25483476449241e-07	0.259602721694518	0.434	0.425	0.00420846483315464	SNX6	c7
4.12981790030685e-08	0.259564358068981	0.431	0.422	0.00138505832740491	RAB2A	c7
7.1348465021694e-37	0.259075368234473	0.802	0.744	2.39288481989757e-32	IQGAP1	c7
3.54177922350634e-16	0.258571356937703	0.595	0.564	1.18784191597956e-11	COX5A	c7
2.665842191049e-17	0.257803537687603	0.639	0.607	8.94070154034013e-13	MSN	c7
6.34533894584947e-20	0.257090427734602	0.661	0.627	2.128099775659e-15	GNB2	c7
2.63931125094331e-07	0.256795249398987	0.443	0.435	0.00885172207341367	SRSF9	c7
2.39164998234542e-08	0.256421063140363	0.466	0.455	0.000802111571079006	RPS27L	c7
6.84850544833639e-07	0.255139008584417	0.382	0.365	0.0229685175726306	GOLGA7	c7
6.27114640574155e-08	0.25455396043522	0.413	0.397	0.0021032170815576	SARS	c7
7.80063120665793e-37	0.254534683033965	0.906	0.852	2.61617569408894e-32	YBX1	c7
8.1317960691723e-13	0.254049494731284	0.586	0.571	2.72724176567901e-08	EIF5A	c7
3.47649724214353e-08	0.25399171979566	0.456	0.447	0.0011659476450701	PUF60	c7
1.85025220777698e-34	0.253564768156723	0.906	0.85	6.20537585444244e-30	CCNI	c7
3.04319748541361e-26	0.252977235976602	0.753	0.698	1.02062757265802e-21	TAP1	c7
1.55288667043936e-31	0.252807450564005	0.59	0.514	5.20807131531953e-27	ITK	c7
1.85702279204514e-21	0.251702615989691	0.681	0.651	6.22808303996098e-17	ATP6V1G1	c7
2.68803172900771e-35	0.251454916861944	0.915	0.856	9.01512081274604e-31	SRP14	c7
1.24308194720022e-06	0.250924472876987	0.315	0.294	0.0416904823452009	TYMP	c7
1.1011935765201e-08	0.250150848125449	0.465	0.449	0.000369318301693312	ARPC5	c7
2.27785294943518e-41	0.250102609666959	0.92	0.854	7.63946322181569e-37	RAN	c7
1.5043671387011e-15	0.249445838539766	0.58	0.545	5.04534650977574e-11	SYNGR2	c7
1.97638368394936e-11	0.2492467975218	0.558	0.543	6.62839559922936e-07	ATP5ME	c7
9.03551395869337e-16	0.248325172019475	0.705	0.679	3.03033067146658e-11	RAC1	c7
6.05861982706974e-54	0.248034961024801	0.967	0.903	2.03193991760265e-49	PFN1	c7
1.70163222010017e-14	0.247561518945343	0.417	0.371	5.70693413977196e-10	RALGDS	c7
4.40048141514394e-52	0.247230527402626	0.978	0.915	1.47583345701098e-47	RPL22	c7
1.00751506682742e-12	0.246863022636715	0.575	0.56	3.37900403112582e-08	ATP6V0B	c7
1.5670953036933e-08	0.246691799047094	0.435	0.414	0.000525572422952658	GSTK1	c7
6.04324309188752e-18	0.246393214157522	0.683	0.662	2.02678286815724e-13	SERBP1	c7
2.8083687283648e-16	0.24501390310898	0.621	0.594	9.41870704118988e-12	RPN1	c7
4.22356658045336e-12	0.244654992334737	0.575	0.561	1.41649975975245e-07	LAMTOR5	c7
1.7356401913167e-10	0.24412129139414	0.453	0.421	5.82099007363796e-06	ARL4C	c7
7.84615200513904e-29	0.243844886380642	0.844	0.791	2.63144245948353e-24	TPI1	c7
6.53888616377381e-19	0.243772002529206	0.579	0.528	2.19301164160646e-14	ZFP36L1	c7
6.78687019414553e-26	0.242977827217851	0.834	0.759	2.27618052571253e-21	IL32	c7
2.51856501080278e-19	0.241934955680281	0.702	0.664	8.44676333323036e-15	ATP5MC3	c7
1.71347970497785e-07	0.241905234314486	0.459	0.454	0.0057466682345547	LSM7	c7
9.05187531439368e-08	0.241445756404097	0.47	0.463	0.00303581794294135	WASF2	c7
1.77507031443677e-21	0.241261292932855	0.644	0.604	5.95323082055805e-17	NAP1L4	c7
7.93776779515357e-14	0.240892316731658	0.487	0.434	2.6621685631386e-09	CARS	c7
7.76628555326566e-10	0.2405470405539	0.418	0.392	2.60465684885424e-05	TMOD3	c7
8.67982206205192e-12	0.238333922539878	0.53	0.506	2.91103872317097e-07	VDAC1	c7
7.51895737596042e-07	0.238308688679262	0.458	0.454	0.0252170792474961	GADD45GIP1	c7
6.1226729979026e-07	0.237985875856998	0.405	0.392	0.0205342207003657	CD58	c7
8.51083637582739e-20	0.237152718719676	0.993	0.95	2.85436430372499e-15	ACTB	c7
1.57793047378656e-09	0.235929668050011	0.454	0.433	5.29206322298536e-05	AES	c7
1.2811738366953e-26	0.235883506270473	0.535	0.472	4.29680081350871e-22	ATP2B4	c7
6.19035426974736e-34	0.235659675858786	0.744	0.695	2.07612101498787e-29	MBNL1	c7
6.79938623259916e-09	0.235391057798279	0.484	0.472	0.000228037815468911	GDI2	c7
4.55238429793166e-34	0.235113682315956	0.93	0.88	1.52677864584032e-29	RHOA	c7
4.29624026742565e-16	0.234983202778569	0.622	0.558	1.44087306088922e-11	ANXA1	c7
6.02548604435066e-10	0.232759014933566	0.589	0.57	2.02082750955432e-05	FAS	c7
3.98197356127853e-08	0.231377758936133	0.495	0.486	0.00133547429298159	DNAJC8	c7
8.22808563100284e-52	0.230430861681251	0.988	0.95	2.75953535892573e-47	SARAF	c7
3.6442720293826e-23	0.230410654063127	0.796	0.747	1.22221595321434e-18	MYADM	c7
3.41508736102346e-08	0.230191085225565	0.491	0.484	0.00114535199914005	CCT3	c7
5.91670736957681e-22	0.229867102015994	0.809	0.764	1.98434531760867e-17	COX6A1	c7
3.56908883712216e-48	0.228647344753608	0.757	0.669	1.19700101419403e-43	NFKBIA	c7
9.61662521229791e-30	0.227108399491289	0.854	0.797	3.22522376370047e-25	SPOCK2	c7
2.37813949435949e-21	0.226685662077671	0.744	0.707	7.97580423618287e-17	ARHGDIA	c7
3.77739391213449e-13	0.226592949902567	0.573	0.537	1.26686237025167e-08	TANK	c7
1.20357729346787e-08	0.225378397330712	0.527	0.516	0.000403655752683256	UFC1	c7
3.84490057665913e-31	0.225154836510483	0.91	0.86	1.28950275539994e-26	ARPC2	c7
2.22118443910391e-11	0.224293952432576	0.581	0.564	7.4494083718667e-07	PET100	c7
2.67455012123933e-18	0.223782183094414	0.683	0.652	8.96990619661245e-14	OPTN	c7
1.49680098140501e-17	0.223055309074934	0.663	0.621	5.01997113143611e-13	PBXIP1	c7
8.85059414650542e-07	0.223052453567931	0.453	0.449	0.0296831226485499	FKBP8	c7
2.32919942526381e-10	0.222428859150582	0.514	0.498	7.81166903244976e-06	MEAF6	c7
3.35861136180798e-13	0.220592739594442	0.651	0.621	1.12641107852316e-08	NAP1L1	c7
4.80418658321628e-11	0.220433731855406	0.582	0.568	1.61122809627908e-06	ADRM1	c7
1.50429404071224e-11	0.219747735507277	0.586	0.57	5.04510135374073e-07	CAPZB	c7
1.27352643389564e-13	0.217805804806493	0.646	0.62	4.2711529539992e-09	UQCR10	c7
5.71756672173625e-10	0.216861556524932	0.429	0.41	1.91755752713591e-05	SPSB3	c7
2.13241582535448e-18	0.216782333469007	0.733	0.689	7.15169619507385e-14	ELOB	c7
5.42690209785522e-08	0.215521377192732	0.5	0.493	0.00182007442557868	EIF3M	c7
1.68237685989875e-28	0.214355145889367	0.953	0.893	5.64235551272844e-24	COX4I1	c7
1.42612009033071e-14	0.21148612314943	0.669	0.651	4.78292155895115e-10	RABAC1	c7
4.89493856149713e-08	0.211234535186511	0.474	0.46	0.00164166449475491	PAXX	c7
5.28301984318614e-24	0.211231876386902	0.819	0.773	1.77181919500777e-19	LRRFIP1	c7
9.18028364055803e-25	0.207799990110032	0.889	0.838	3.07888352737035e-20	YWHAB	c7
3.57749662332328e-07	0.207333963101832	0.489	0.478	0.0119982081753016	BCL3	c7
6.2501195078763e-14	0.206060761444675	0.663	0.642	2.09616508055156e-09	TMEM59	c7
2.60417539152428e-11	0.205730852774516	0.653	0.633	8.73388342809414e-07	GNG5	c7
1.16414373139848e-09	0.204816499905905	0.575	0.563	3.90430524636422e-05	CSTB	c7
2.665580526139e-34	0.203248874447143	0.968	0.906	8.93982396856496e-30	ATP5F1E	c7
1.0628307966066e-19	0.203167261502302	0.84	0.797	3.56452192565921e-15	ARPC3	c7
8.58337830197072e-13	0.202878800677849	0.68	0.662	2.87869341491494e-08	GNAS	c7
3.75503141777439e-10	0.202195117999241	0.641	0.617	1.25936243689317e-05	COX6C	c7
8.53894939945436e-09	0.198506603727669	0.663	0.646	0.0002863792849589	TRBC2	c7
2.36075542914534e-09	0.198485758334075	0.589	0.583	7.91750155826765e-05	JTB	c7
6.46441034722722e-13	0.197345004752275	0.579	0.549	2.16803394225307e-08	CAST	c7
8.77457671228503e-10	0.196565018268094	0.582	0.573	2.94281753776615e-05	WDR83OS	c7
7.23655490501327e-08	0.194474435477649	0.292	0.261	0.00242699578404335	CASP8	c7
1.14410104583021e-07	0.193160177122886	0.35	0.328	0.00383708608750536	ANKRD11	c7
2.22515480105439e-22	0.190967328692354	0.941	0.881	7.46272417177621e-18	H3F3A	c7
1.65356482936229e-24	0.1906978905216	0.919	0.874	5.54572572471525e-20	SUMO2	c7
9.84766212893425e-08	0.185996472748658	0.526	0.518	0.00330270892480197	RALY	c7
1.22389686476762e-06	0.185602719581192	0.426	0.422	0.0410470530505764	AUP1	c7
2.07934454820035e-11	0.183972328523895	0.682	0.671	6.97370574575434e-07	CAP1	c7
2.48536048761725e-20	0.183680111687793	0.922	0.868	8.33540200337073e-16	SERF2	c7
3.31685081461077e-08	0.182509198855537	0.56	0.55	0.00111240542620416	BUB3	c7
4.40420213763574e-12	0.181660719475649	0.575	0.544	1.47708131292028e-07	ELF1	c7
5.82081950229836e-13	0.180483318850664	0.76	0.74	1.95218644468082e-08	RELB	c7
4.50271676365457e-13	0.18027500588064	0.699	0.653	1.51012114819447e-08	PKM	c7
1.04019875254923e-18	0.180059230332956	0.896	0.85	3.4886185762996e-14	UQCRB	c7
2.50549284738298e-15	0.179170589168827	0.734	0.691	8.40292191155303e-11	FXYD5	c7
4.16038691622832e-10	0.17894283259235	0.664	0.657	1.39531056396465e-05	SNRPB	c7
4.62991542230827e-07	0.176904190376958	0.459	0.451	0.0155278103433375	SAP30BP	c7
1.64487024844677e-08	0.176038083968355	0.578	0.575	0.000551656583924077	PPP4C	c7
6.06145628638012e-08	0.175678319766246	0.613	0.614	0.00203289120932616	C11orf58	c7
5.84461970013189e-13	0.175109030435188	0.775	0.75	1.96016855503023e-08	GABARAP	c7
2.6160392952679e-24	0.173950724894944	0.983	0.925	8.77367258846949e-20	MYL6	c7
3.34799785572939e-15	0.170913131636395	0.827	0.783	1.12285152085452e-10	PPIB	c7
6.70930292735646e-17	0.169100606798246	0.869	0.82	2.25016601577681e-12	CYBA	c7
1.26855770284583e-35	0.168880627975777	0.752	0.595	4.25448882380435e-31	GZMB	c7
7.62066330981054e-09	0.167705083461965	0.657	0.639	0.000255581806084426	PSMB1	c7
2.29407489168839e-20	0.167522503142115	0.91	0.862	7.69386837174452e-16	SQSTM1	c7
4.49855084608482e-17	0.167078558508713	0.796	0.773	1.50872398275993e-12	IDS	c7
4.05452151873947e-12	0.165639989779823	0.669	0.635	1.35980542695484e-07	HSP90B1	c7
6.11386036135257e-07	0.165287930347922	0.553	0.548	0.0205046648799043	FAM96B	c7
2.45628629908729e-07	0.164967166948986	0.537	0.531	0.00823789298987894	KTN1	c7
1.29139793453414e-12	0.164161032632165	0.796	0.783	4.33109039284059e-08	TPM3	c7
2.83280478806073e-15	0.164132997903123	0.835	0.807	9.50066069819809e-11	TMBIM6	c7
1.84448634218129e-18	0.163337944710355	0.628	0.579	6.1860382944076e-14	EVL	c7
1.4577448037831e-14	0.163011055379191	0.808	0.768	4.88898452292776e-10	DYNLL1	c7
7.12193786145181e-20	0.161737166668396	0.748	0.705	2.38855551997371e-15	ANKRD12	c7
1.17002729915567e-08	0.16062672443894	0.581	0.565	0.000392403755590828	DRAP1	c7
2.01684463839899e-15	0.16020637033896	0.81	0.769	6.76409354826253e-11	CRIP1	c7
2.57111020535245e-47	0.156856355079665	1	0.983	8.62298940671106e-43	HLA-C	c7
9.09929867978087e-13	0.155331325511961	0.76	0.736	3.05172279122491e-08	MYH9	c7
6.82358315705806e-09	0.153680004386753	0.643	0.628	0.000228849331921413	SEC62	c7
2.08306436652012e-18	0.1530814216528	0.935	0.888	6.98618127243519e-14	HMGB1	c7
5.07200470233631e-11	0.152953440421581	0.419	0.386	1.70104893706955e-06	KMT2A	c7
4.48163582511485e-09	0.151615504306454	0.675	0.661	0.000150305102302702	COX5B	c7
2.09515099361963e-08	0.151024287420235	0.698	0.679	0.000702671740240152	PGAM1	c7
2.79397648751641e-07	0.150308027640859	0.637	0.638	0.00937043834383252	ATP6V0E1	c7
2.86764244621644e-14	0.149135410992616	0.918	0.862	9.6174992361207e-10	CD3E	c7
2.81071526755637e-10	0.148880493514342	0.77	0.74	9.42657686433054e-06	PSME1	c7
2.55958887048058e-08	0.148725289029875	0.608	0.599	0.000858434915381778	PSMB6	c7
6.16023485525964e-13	0.146066195500661	0.897	0.854	2.06601956575698e-08	TMA7	c7
5.85432880806007e-09	0.145826843487077	0.704	0.683	0.000196342479564719	HNRNPF	c7
8.34805692864657e-12	0.145718035577221	0.871	0.83	2.79977133272949e-07	SLC25A3	c7
1.35759907280707e-30	0.144688564904736	1	0.956	4.55311577038034e-26	RPL11	c7
4.45333544870652e-10	0.144111331173652	0.74	0.712	1.49355964278719e-05	PLP2	c7
4.99415026592656e-10	0.143889692514327	0.57	0.557	1.67493811618645e-05	NCOR1	c7
2.10392745330808e-20	0.141984692219641	0.921	0.887	7.05615189290464e-16	PTPRC	c7
1.36282817015829e-11	0.14140787387125	0.852	0.818	4.57065311707688e-07	PSMA7	c7
8.73173261800545e-12	0.14066700669224	0.903	0.862	2.92844848542667e-07	ATP5MG	c7
1.18304580676041e-07	0.13968185676633	0.552	0.529	0.00396769902671308	CD96	c7
3.23437796611671e-09	0.1387900998652	0.852	0.813	0.000108474568227622	HINT1	c7
4.34205770536033e-25	0.138130671807533	0.997	0.945	1.45623931322375e-20	RPS13	c7
1.22165017226448e-10	0.137123024969143	0.837	0.803	4.09717034774061e-06	RPS4Y1	c7
1.34719663186181e-10	0.131311298183885	0.726	0.687	4.51822806393812e-06	CYTIP	c7
5.32628625023874e-20	0.129779719095196	0.997	0.95	1.78632988260507e-15	TPT1	c7
1.70993730375839e-23	0.129361989616117	0.998	0.951	5.73478772934488e-19	RPL18A	c7
1.35685585287094e-08	0.129069540703723	0.661	0.648	0.000455062315935855	JAK1	c7
7.17952034575228e-21	0.128974840736482	1	0.955	2.4078675335584e-16	RPL12	c7
4.38627532950114e-07	0.128630639646106	0.622	0.594	0.0147106902000809	FABP5	c7
9.03910834694791e-14	0.127033567154826	0.98	0.933	3.03153615739939e-09	EEF1D	c7
3.64297614783801e-08	0.125779805204007	0.726	0.714	0.00122178134046191	PTGES3	c7
1.46111478282771e-13	0.124748340785661	0.947	0.898	4.90028675864756e-09	ARHGDIB	c7
2.94963610859965e-08	0.123596573696101	0.82	0.806	0.000989248958102151	TRIR	c7
7.43093144228383e-08	0.123332048663351	0.724	0.714	0.00249218578711315	MAP1LC3B	c7
6.29913778233624e-08	0.122618336844224	0.785	0.751	0.00211260482943993	NDUFS5	c7
9.5550890005709e-13	0.122597471638599	0.991	0.94	3.20458574901147e-08	NACA	c7
1.71917121900184e-16	0.118899625687076	0.718	0.676	5.76575643428836e-12	AHNAK	c7
8.85677192478563e-07	0.118800765327463	0.787	0.777	0.0297038416813461	EDF1	c7
2.25389690306023e-17	0.117927492242396	1	0.966	7.55911943348341e-13	RPLP1	c7
5.0968524938981e-25	0.116922825265365	1	0.954	1.70938238940355e-20	RPL32	c7
6.15592793031521e-08	0.113162488719478	0.809	0.792	0.00206457510926912	HNRNPK	c7
1.7008020597285e-09	0.112736112142074	0.469	0.425	5.70414994791744e-05	ID2	c7
1.73209357942096e-17	0.111239221878344	0.996	0.951	5.80909544666201e-13	RPL37	c7
9.69870736464017e-16	0.110236726139338	0.998	0.948	3.25275247595302e-11	RPL8	c7
6.70256835806692e-12	0.108198093652546	0.968	0.918	2.24790737592848e-07	CFL1	c7
1.83686065689968e-08	0.107066017876576	0.933	0.9	0.000616046327111013	PCBP2	c7
2.5044206975693e-26	0.105686874259238	0.675	0.589	8.39932613550791e-22	JUN	c7
2.85203617615272e-11	0.104334940048814	0.978	0.929	9.56515892758099e-07	RPL35	c7
1.75900409284841e-09	0.102735919631136	0.924	0.896	5.899347926595e-05	PABPC1	c7
2.20724817301507e-08	0.101061325822728	0.926	0.883	0.000740266892265794	PPDPF	c7
