# factor-levels: seurat_clusters=c1|c2|c3|c4|c5|c6|c7|c8|c9|c10|c11|c12|c13

p_val	avg_log2FC	pct.1	pct.2	p_val_adj	gene	seurat_clusters
0	6.28452401227368	0.168	0.008	0	HSPA6	c12
0	4.81830370118726	0.61	0.237	0	HSPA1A	c12
0	4.59622028053208	0.39	0.103	0	HSPA1B	c12
4.77151027833045e-261	4.30532641031372	0.149	0.021	1.60026911714647e-256	SERPINH1	c12
4.36536076958219e-33	4.25366523088365	0.011	0.001	1.46405469490248e-28	ACTRT3	c12
6.56925711401873e-41	4.16611651914959	0.012	0.001	2.2031974508996e-36	PGF	c12
8.03595025886402e-55	3.81824573565095	0.022	0.002	2.69509699781782e-50	PARD6G-AS1	c12
1.97210795220671e-92	3.51742836640162	0.567	0.403	6.61405565011085e-88	DNAJB1	c12
6.79236281578184e-223	3.51400496566824	0.32	0.101	2.27802264115692e-218	BAG3	c12
0	2.95109139951262	0.676	0.353	0	HSPB1	c12
2.34428587904191e-66	2.85298815992582	0.049	0.009	7.86226598113076e-62	CHRNA5	c12
1.19409559383481e-24	2.84407450683298	0.03	0.008	4.00475780260319e-20	PROK2	c12
4.37598752143462e-66	2.76893635117265	0.116	0.037	1.46761869493874e-61	CCL20	c12
1.30616944869402e-164	2.73684158798113	0.156	0.034	4.38063109703e-160	DNAJA4	c12
2.29482589502339e-201	2.68104134272656	0.733	0.528	7.69638708672944e-197	HSPE1	c12
0	2.67309876478443	0.986	0.909	0	HSP90AA1	c12
6.88087097587376e-62	2.6206478264535	0.059	0.013	2.30770650788854e-57	E2F7	c12
2.01999665261485e-16	2.6028991766654	0.014	0.003	6.77466477353968e-12	AC092803.2	c12
1.21832059233955e-51	2.55870506756796	0.046	0.01	4.0860036025884e-47	MUC12	c12
5.42398695974297e-265	2.55773049479791	0.756	0.491	1.8190967465586e-260	HSPH1	c12
1.36133505373322e-29	2.5401893122715	0.026	0.005	4.56564550321047e-25	IL23R	c12
7.92416200520775e-228	2.53775569013046	0.778	0.572	2.65760545330658e-223	HSPD1	c12
5.87102237451396e-13	2.48903972168575	0.023	0.008	1.96902348396449e-08	KCNK1	c12
4.65523729565838e-62	2.35892046023645	0.109	0.035	1.56127348421791e-57	DNAJB4	c12
1.58262100141728e-229	2.33011068954551	0.579	0.298	5.30779431455328e-225	FKBP4	c12
5.41220514644888e-09	2.1547698462455	0.012	0.003	0.000181514536201602	AC022182.2	c12
3.41073663708943e-115	2.11613919516441	0.403	0.21	1.14389285334705e-110	ZFAND2A	c12
2.30715329191632e-195	2.07576768598733	0.38	0.139	7.73773071042894e-191	CCL3	c12
4.06567200605275e-16	2.00642445591632	0.025	0.007	1.36354507738997e-11	AL357992.1	c12
2.42551173026426e-10	1.94896615418506	0.02	0.007	8.13468124096027e-06	AL391056.1	c12
1.49140493272936e-19	1.90100551755251	0.028	0.008	5.00187386338771e-15	TRBV12-2	c12
8.73640986807723e-16	1.89450045549165	0.036	0.013	2.93001714155574e-11	LINC01480	c12
6.33378871089231e-170	1.89311341429954	0.484	0.241	2.12422605785906e-165	CHORDC1	c12
1.12331883163169e-08	1.87750707284686	0.014	0.005	0.000376738669752637	CD86	c12
1.89974330407812e-25	1.85817424014364	0.045	0.015	6.3713590932172e-21	PRRG4	c12
2.91431463956049e-17	1.84995900170726	0.031	0.011	9.77402843815795e-13	IL12RB2	c12
2.08502869662331e-187	1.83963586557371	0.589	0.335	6.99276924273527e-183	AHSA1	c12
2.62222099883779e-18	1.77477911953992	0.119	0.069	8.79440478590219e-14	NR4A1	c12
4.17528542156367e-38	1.75969072884628	0.072	0.024	1.40030722468402e-33	TRAV38-1	c12
1.82080096711778e-30	1.72020177884479	0.06	0.021	6.10660228351961e-26	RORC	c12
0	1.71067948242752	0.984	0.925	0	HSP90AB1	c12
4.76283244999165e-151	1.70144360510029	0.74	0.562	1.5973587470782e-146	CACYBP	c12
3.61682020241857e-26	1.65573158409307	0.057	0.02	1.21300915948714e-21	ULBP2	c12
1.32527058661524e-186	1.61051658940856	0.97	0.94	4.44469249339018e-182	HSPA8	c12
1.57766465108929e-28	1.60418114493836	0.057	0.02	5.29117170682326e-24	LINC00158	c12
4.62628890783127e-200	1.59543108615219	0.584	0.292	1.55156477390845e-195	MIR155HG	c12
9.53885725679277e-18	1.57684009221989	0.038	0.014	3.19914194678316e-13	IL26	c12
8.76466937684118e-63	1.57439331120238	0.176	0.074	2.939494815605e-58	HIBCH	c12
3.7862349984991e-121	1.55439377642928	0.353	0.159	1.26982749379663e-116	CD70	c12
7.254875513926e-43	1.55141951931368	0.118	0.048	2.4331401498605e-38	ICAM1	c12
2.96206196328119e-28	1.55066654828453	0.063	0.023	9.93416341245244e-24	C17orf67	c12
2.16552153239588e-203	1.54937952496059	0.842	0.64	7.26272611534931e-199	DNAJA1	c12
6.12745334835656e-29	1.51220798753337	0.055	0.018	2.05502530397182e-24	EGR1	c12
1.2394467989542e-34	1.5081301485917	0.124	0.056	4.15685667433261e-30	TNF	c12
3.47689940668109e-42	1.49521120914211	0.107	0.042	1.16608252301271e-37	MUM1	c12
3.03046727778592e-26	1.48473958783122	0.1	0.047	1.01635811562384e-21	CDKN2C	c12
1.18047578275568e-51	1.47463258840159	0.141	0.057	3.95907968020601e-47	IQCG	c12
1.65012636179199e-53	1.46310011115959	0.123	0.046	5.53419379217797e-49	TRBV20-1	c12
4.55246500707179e-23	1.45768708348677	0.07	0.03	1.52680571407174e-18	NCR3	c12
1.50135722033217e-54	1.45144116124206	0.163	0.069	5.03525184555003e-50	ATF3	c12
3.86464275040888e-18	1.45138930333206	0.071	0.034	1.29612388563213e-13	ARG2	c12
4.79357633446339e-186	1.44983188433063	0.664	0.406	1.60766963105233e-181	TCP1	c12
1.46754997142602e-89	1.4146751288889	0.457	0.273	4.92186909416858e-85	DOK2	c12
3.12587985058693e-31	1.41247080468131	0.09	0.037	1.04835758428985e-26	CSF1	c12
2.06971327138892e-92	1.40803512018388	0.302	0.138	6.94140436958415e-88	CCL4L2	c12
1.16700459022509e-08	1.38575120812756	0.021	0.009	0.000391389999469689	ZFHX2	c12
2.20991445820537e-130	1.38479326575176	0.398	0.185	7.41161110992916e-126	INPP5F	c12
4.54214864681824e-143	1.38313246066611	0.689	0.425	1.5233458131699e-138	CCL4	c12
6.7255624198606e-07	1.36810509369812	0.016	0.006	0.0225561912437285	GLDC	c12
1.22464469500625e-145	1.36327569798126	0.599	0.368	4.10721337811196e-141	STIP1	c12
4.0508684468081e-60	1.32711789960068	0.184	0.08	1.3585802596905e-55	TIAM2	c12
2.95582535727598e-63	1.29470264965958	0.213	0.097	9.91324708323218e-59	EIF2AK3	c12
1.01773545103845e-08	1.28709023152599	0.039	0.02	0.000341328115569276	IER3	c12
1.72813174894527e-18	1.28129787736148	0.064	0.029	5.79580825961266e-14	FAM184A	c12
1.22366767992033e-15	1.28091878346286	0.056	0.026	4.10393666491681e-11	RGS3	c12
1.46350469086412e-07	1.27953048535486	0.016	0.006	0.00490830203222009	ALPK2	c12
6.50285131717882e-94	1.27658376521623	0.472	0.287	2.18092627475543e-89	HSPA4	c12
8.51243870767613e-82	1.25651642830275	0.308	0.15	2.85490169378042e-77	SLAMF7	c12
2.06153841460426e-45	1.25336590935468	0.225	0.121	6.91398753489977e-41	GNA15	c12
4.5592611127408e-60	1.24849104674185	0.393	0.249	1.52908499199101e-55	MRPL18	c12
4.11191580248329e-63	1.24128148669401	0.412	0.249	1.37905432183685e-58	IFNG	c12
5.78304957274847e-64	1.21665456164213	0.284	0.148	1.93951916570838e-59	FAM3C	c12
1.27105442196196e-08	1.20863380044561	0.043	0.023	0.000426286232037601	AC017002.1	c12
2.6638360004913e-64	1.20646881409916	0.264	0.131	8.93397317844771e-60	INPP4B	c12
2.81509203524119e-07	1.19839139579488	0.031	0.016	0.00944125566779189	HSPA2	c12
4.12764880704392e-40	1.18788390686043	0.189	0.097	1.38433085690639e-35	TBC1D4	c12
2.28766293370982e-112	1.17950050034547	0.658	0.472	7.672363947076e-108	CCT4	c12
6.38810566392225e-26	1.17735157674289	0.146	0.08	2.14244287756624e-21	GADD45A	c12
2.00029050372349e-115	1.17400106386407	0.472	0.252	6.70857429138785e-111	KLRD1	c12
3.60340847823655e-09	1.16813308671691	0.029	0.013	0.000120851113543097	RORB	c12
2.66615665788528e-26	1.1674585753229	0.168	0.097	8.94175619921566e-22	TNFSF14	c12
1.01700868453837e-06	1.15207905103485	0.033	0.018	0.034108437262048	MIR222HG	c12
1.96676620855065e-46	1.14902283417533	0.236	0.124	6.59614051023716e-42	CCL3L1	c12
1.70698289343677e-13	1.13741316204352	0.072	0.039	5.72487922800823e-09	SGK1	c12
1.60560502242017e-12	1.13620682982998	0.067	0.036	5.38487812419276e-08	HIST2H2AA4	c12
2.48081755297935e-31	1.13129850788418	0.344	0.24	8.32016590918215e-27	GADD45B	c12
3.4744423369414e-10	1.12264830628117	0.034	0.015	1.16525847096341e-05	LRP12	c12
1.79368878376344e-34	1.12213346305062	0.304	0.201	6.01567344298584e-30	TNFAIP8	c12
7.08472563540589e-36	1.12121474351629	0.223	0.129	2.37607528360243e-31	CGAS	c12
5.65292636784253e-42	1.12120698821719	0.304	0.19	1.89587844524703e-37	DEDD2	c12
1.47863042115503e-10	1.11894109417722	0.042	0.02	4.95903070646974e-06	MAP4K3	c12
1.17732326272782e-30	1.11506077078116	0.16	0.085	3.94850675853656e-26	ME2	c12
5.05666736927406e-40	1.10855285452275	0.156	0.073	1.69590510230713e-35	LDLR	c12
2.4202199397341e-37	1.10242813365687	0.275	0.17	8.11693363388022e-33	SNAP23	c12
1.83942385702134e-73	1.09626898627361	0.431	0.256	6.16905973167818e-69	LGALS1	c12
2.0183252361759e-103	1.09566598541098	0.488	0.273	6.76905917708674e-99	ANKRD28	c12
2.35145270288813e-27	1.0949558201098	0.179	0.104	7.8863020749462e-23	MBNL2	c12
2.43133954853107e-28	1.08822215759888	0.114	0.054	8.15422657786351e-24	CD80	c12
2.46856969631053e-76	1.0692722162786	0.506	0.335	8.27908904748625e-72	BST2	c12
4.04660318904067e-12	1.06621403562254	0.125	0.082	1.35714977754046e-07	BCL2A1	c12
7.80503442428128e-44	1.0561736550169	0.262	0.148	2.61765244521546e-39	TNFSF4	c12
4.6664147275789e-32	1.05259089412336	0.19	0.107	1.56502217133541e-27	ABHD3	c12
6.46972124498963e-59	1.04515131083837	0.502	0.347	2.16981511114462e-54	ZC3HAV1	c12
2.5614304412193e-08	1.03949946269648	0.051	0.029	0.000859052541376129	AC022075.1	c12
7.57604215341682e-92	1.0356802637188	0.503	0.302	2.54085301741293e-87	AHR	c12
8.56809996565173e-71	1.03137431300476	0.65	0.523	2.87356936648028e-66	NUDC	c12
2.93381243581447e-26	1.02467393447072	0.182	0.108	9.83942014723456e-22	PCBD1	c12
3.32540074433474e-20	1.02311467137222	0.092	0.046	1.11527290163499e-15	LINC02384	c12
2.21953495949568e-14	1.02211125159711	0.072	0.038	7.44387634715663e-10	ATP8B4	c12
2.88131113015158e-08	1.00182908917855	0.031	0.015	0.000966334126830237	TRBV14	c12
1.80529523882129e-23	0.99902186027131	0.117	0.061	6.05459917195885e-19	FGL2	c12
6.46971409004646e-58	0.990974329053545	0.351	0.205	2.16981271151978e-53	RAB11FIP1	c12
1.80573276792981e-21	0.986490806849963	0.139	0.078	6.056066557083e-17	NFKBIE	c12
2.23298548367242e-09	0.977822503842049	0.049	0.026	7.48898671514055e-05	GNPDA1	c12
9.35626352254895e-92	0.971051679960887	0.742	0.596	3.13790366019247e-87	DNAJB6	c12
4.43200474450464e-09	0.965557168291687	0.057	0.032	0.000148640575121197	HMSD	c12
3.23228083922205e-07	0.961159836437437	0.041	0.023	0.0108404234785829	NIPAL4	c12
2.2064152208722e-61	0.956254774476371	0.33	0.181	7.39987536776118e-57	ETV7	c12
4.57330898935717e-20	0.954852217165071	0.118	0.065	1.53379636885061e-15	IL18RAP	c12
4.01512767946465e-62	0.952286934835409	0.294	0.151	1.34659352113886e-57	AC243829.4	c12
3.80259746861472e-22	0.936077924787525	0.13	0.071	1.275315139024e-17	FNDC9	c12
5.24394326461463e-44	0.935757343305642	0.279	0.161	1.75871369208645e-39	SIRPG	c12
4.31256301113635e-14	0.932698674406811	0.243	0.179	1.44634738267491e-09	GLA	c12
3.67086995939022e-20	0.932126937531224	0.137	0.079	1.23113636698029e-15	CCDC117	c12
8.36087756896341e-07	0.920427582728621	0.031	0.016	0.0280407111907895	MTERF2	c12
6.48007584850565e-19	0.919180130758395	0.129	0.075	2.17328783807183e-14	SDC4	c12
1.70687703035421e-10	0.918992893796609	0.072	0.042	5.72452418440194e-06	MIR181A1HG	c12
1.0771758383016e-107	0.915646205572676	0.793	0.625	3.6126323264959e-103	FABP5	c12
6.12922904447021e-17	0.909123331335302	0.093	0.049	2.05562083693442e-12	KIAA1211L	c12
7.03315671437344e-19	0.905872857862572	0.231	0.163	2.35878009886657e-14	HIKESHI	c12
1.07087213862547e-88	0.893821918216648	0.731	0.567	3.5914909785221e-84	CYCS	c12
1.80422824889545e-13	0.883667672604789	0.114	0.07	6.05102070114558e-09	AC243960.1	c12
1.03076725676859e-07	0.882863746621525	0.055	0.033	0.0034569872257505	EPG5	c12
1.89132971097675e-29	0.881938541637315	0.214	0.127	6.34314158467381e-25	C21orf91	c12
4.02284886054273e-60	0.88141678283047	0.447	0.284	1.34918305084882e-55	MSC	c12
5.46560036023928e-09	0.880515076145902	0.072	0.044	0.000183305304881705	MBOAT7	c12
1.69702492466918e-85	0.878976005868036	0.57	0.373	5.69148219235551e-81	BTG3	c12
5.78441388392452e-16	0.872510343651446	0.122	0.073	1.9399767283906e-11	USPL1	c12
3.6443437819545e-10	0.870929748725843	0.046	0.023	1.2222400175919e-05	TRAV6	c12
3.07551106955746e-11	0.870843236257979	0.101	0.064	1.03146490250818e-06	PHF6	c12
6.5262116182427e-26	0.870629181329736	0.212	0.131	2.18876085252624e-21	KCNN4	c12
1.12905958997836e-65	0.856372793420843	0.499	0.326	3.78664005286944e-61	TUBA1C	c12
1.12809209024195e-48	0.851863769211146	0.355	0.217	3.78339525225346e-44	SPTY2D1	c12
1.19785104853104e-15	0.846754936855687	0.141	0.089	4.01735284656341e-11	CASP1	c12
3.28512355010399e-11	0.845851415058869	0.127	0.084	1.10176473623388e-06	LRIF1	c12
3.27263067893569e-19	0.844539200571695	0.127	0.073	1.09757487710145e-14	TRBV7-9	c12
3.48943908055726e-18	0.841373110092537	0.101	0.054	1.17028807883729e-13	RCAN2	c12
6.85112038868171e-44	0.834599833288031	0.423	0.289	2.29772875595607e-39	FXR1	c12
6.37712152952231e-17	0.833465847872063	0.143	0.089	2.13875901857119e-12	CD226	c12
8.1921548718383e-153	0.82948510325893	0.835	0.575	2.74748490091713e-148	GZMH	c12
6.06966660357484e-11	0.827449096023268	0.251	0.198	2.03564478550693e-06	CKS2	c12
9.94359074688524e-89	0.82637087621669	0.674	0.486	3.33488146469037e-84	GBP2	c12
7.110544246425e-40	0.824912083939675	0.316	0.197	2.38473432936602e-35	CCDC6	c12
6.46541297735507e-13	0.820772138147736	0.075	0.041	2.16837020434534e-08	LINC00944	c12
8.46543737963602e-25	0.815342968137809	0.318	0.223	2.83913838838233e-20	CDC42EP3	c12
1.81835887141965e-15	0.815068137783512	0.184	0.125	6.09841198296723e-11	ANKRD37	c12
6.35042436212987e-123	0.814536474111346	0.844	0.695	2.12980532257111e-118	NFKBIA	c12
1.27805230629776e-16	0.81098194362283	0.154	0.097	4.28633182486142e-12	SERTAD2	c12
5.20194833823506e-89	0.809525896900791	0.904	0.836	1.74462943367728e-84	SOD1	c12
4.72619490697854e-26	0.804768525199551	0.231	0.145	1.58507124790246e-21	TFRC	c12
2.64185779428446e-08	0.799774054727232	0.085	0.055	0.000886026267047121	TRIB2	c12
1.08370836913282e-19	0.798049443750764	0.244	0.167	3.63454112839766e-15	PELI1	c12
5.02981701819029e-140	0.795464643543301	0.909	0.74	1.68690003156066e-135	NKG7	c12
1.01218451904549e-09	0.795439866169029	0.071	0.042	3.39466443997478e-05	RGS9	c12
1.14892838656951e-16	0.794055972789983	0.226	0.16	3.85327602287684e-12	SPATS2L	c12
3.88531188276275e-30	0.789806865239299	0.397	0.285	1.30305589924097e-25	PTTG1	c12
2.39393994651989e-33	0.78863451396295	0.3	0.192	8.02879579263839e-29	CTNNAL1	c12
3.83398174820513e-131	0.787658272921688	0.873	0.69	1.28584079871304e-126	PPP1R15A	c12
1.4869026866412e-55	0.786884724593065	0.48	0.317	4.98677423045726e-51	MIR4435-2HG	c12
2.06348108846848e-29	0.786206009241595	0.259	0.163	6.92050287450559e-25	MDFIC	c12
9.70365875897476e-28	0.774330305704882	0.274	0.177	3.25441307458496e-23	FASLG	c12
6.02904089718303e-19	0.773221964936557	0.218	0.147	2.02201973609724e-14	GBP1	c12
1.9279419023313e-23	0.769134238135154	0.26	0.172	6.46593155203871e-19	IER5	c12
2.72655085526545e-33	0.768686230313076	0.273	0.168	9.14430625838927e-29	TNIP3	c12
3.61042943540674e-65	0.763787190348931	0.522	0.341	1.21086582404671e-60	THEMIS	c12
1.15166810478981e-42	0.763620899862641	0.355	0.224	3.86246448984406e-38	NDFIP2	c12
2.31628641149822e-104	0.763468751250433	0.773	0.589	7.76836136688275e-100	FAS	c12
1.47708707258482e-33	0.759861180823492	0.314	0.203	4.95385462403498e-29	IRF4	c12
4.99997833957162e-72	0.75976971697187	0.703	0.54	1.67689273552553e-67	CCT2	c12
2.54724863305392e-79	0.759740926967773	0.609	0.398	8.54296246553622e-75	GZMA	c12
1.07267536342032e-16	0.759054879192357	0.163	0.104	3.59753863383907e-12	PECAM1	c12
3.52774751668049e-08	0.75852468075107	0.088	0.058	0.0011831359621443	TNFSF9	c12
2.80249697525033e-22	0.757621908166642	0.217	0.14	9.39901435559455e-18	SLC43A3	c12
5.22529600211929e-21	0.75753615517526	0.167	0.1	1.75245977319077e-16	CEBPD	c12
4.5422844053682e-11	0.75488681063578	0.109	0.07	1.52339134387239e-06	FAM241A	c12
2.0376800518725e-74	0.753724411248666	0.671	0.498	6.83397135797001e-70	NEU1	c12
7.69643795219516e-07	0.751717142041703	0.068	0.044	0.0258123136040721	AC017002.3	c12
3.26099452304444e-33	0.75074303386662	0.372	0.256	1.09367234313865e-28	NFKBIZ	c12
2.16910084023997e-26	0.74996833715683	0.198	0.117	7.27473039799681e-22	TNS3	c12
8.05011901065169e-21	0.739131580779875	0.302	0.218	2.69984891379236e-16	GPN1	c12
1.8506623454398e-83	0.73785071015383	0.906	0.799	6.20675137413599e-79	IL32	c12
3.06202590607229e-08	0.736676506012422	0.079	0.051	0.00102694224837853	OSBPL3	c12
7.55685652206698e-09	0.733092176077848	0.095	0.063	0.000253441854037083	MXD1	c12
1.90560095551206e-36	0.730130028149039	0.34	0.219	6.39100448459633e-32	NFAT5	c12
1.43227106078477e-50	0.727718067645131	0.515	0.368	4.80355068365995e-46	PPP3CC	c12
4.42366090921817e-16	0.725318923733604	0.151	0.095	1.48360739573359e-11	SLC25A25	c12
6.09360658831911e-10	0.721385188039909	0.129	0.089	2.04367377759046e-05	GOLIM4	c12
5.09234484849872e-40	0.717491520831754	0.381	0.251	1.7078706152895e-35	ZBTB43	c12
1.74481425049861e-10	0.717177241728993	0.116	0.076	5.85175803332225e-06	ATP2C1	c12
1.66469441514836e-08	0.715553603026425	0.073	0.045	0.000558305212952455	PTPRK	c12
1.16267410903368e-84	0.715172905001513	0.969	0.939	3.89937642687717e-80	FTL	c12
1.13175967998699e-37	0.711758049330547	0.342	0.217	3.79569561474035e-33	MAST4	c12
3.88470584831945e-49	0.710328078940694	0.506	0.351	1.30285264740938e-44	PHLDA1	c12
3.21583724993298e-08	0.709800770692671	0.098	0.066	0.00107852749688252	PIGA	c12
2.40183780470168e-118	0.70935319461195	0.982	0.968	8.0552836294085e-114	UBB	c12
1.17029214398877e-23	0.709320561847148	0.305	0.215	3.92492579250955e-19	PPID	c12
2.44278918038184e-08	0.705970280431842	0.116	0.081	0.000819262635316462	EDARADD	c12
1.18843976993996e-25	0.696098516031208	0.273	0.182	3.98578930042463e-21	MAP3K8	c12
1.42226359608956e-30	0.695698400410219	0.321	0.213	4.76998764856518e-26	TICAM1	c12
1.48883302248917e-08	0.694605896333894	0.093	0.061	0.000499324819082416	ZNF10	c12
3.57516451340309e-25	0.691935952334864	0.245	0.156	1.19903867450513e-20	PDLIM4	c12
1.49944340380792e-25	0.691442134618996	0.256	0.166	5.02883328769099e-21	NEDD9	c12
6.52995491599147e-22	0.688783380749679	0.217	0.139	2.19001627972522e-17	HAVCR2	c12
1.45352217882952e-60	0.687829885906508	0.598	0.425	4.87482268335844e-56	ZC3H12A	c12
5.25767631059589e-33	0.686080107249495	0.421	0.306	1.76331948104765e-28	MORF4L2	c12
1.04192170196347e-19	0.685772991707648	0.262	0.183	3.49439700404508e-15	USP12	c12
1.54658613464195e-12	0.685559360313239	0.13	0.084	5.18694057836216e-08	ZNF821	c12
5.38703840310488e-37	0.681299139201483	0.458	0.329	1.80670493963332e-32	TRAF1	c12
4.87688329347002e-13	0.679311353077592	0.188	0.133	1.63560911896397e-08	HMGCS1	c12
1.00639674442348e-42	0.672643292579843	0.623	0.507	3.37525340144746e-38	CCT3	c12
5.09434358092189e-25	0.661231140362616	0.299	0.204	1.70854095016958e-20	ST8SIA4	c12
3.71987656594812e-17	0.659823605849872	0.352	0.27	1.24757220268768e-12	GEM	c12
1.29755144042318e-25	0.657669536841701	0.4	0.298	4.35172802089126e-21	CARD16	c12
7.59762594188088e-07	0.657218051944079	0.044	0.025	0.0254809178838801	NR1D1	c12
8.91745234388656e-21	0.652814687398719	0.255	0.175	2.99073516709268e-16	CDK6	c12
1.22629929037595e-18	0.652659794214793	0.221	0.148	4.11276256006286e-14	UBE2H	c12
1.34309608107562e-29	0.650535296256347	0.331	0.223	4.50447563671141e-25	CPD	c12
6.85480783181931e-16	0.65011993558523	0.186	0.124	2.29896545063556e-11	BCL2L1	c12
1.08568258984171e-17	0.649694946246265	0.206	0.137	3.64116226981112e-13	NPC1	c12
6.85394772587845e-12	0.649112130752367	0.133	0.087	2.29867698830512e-07	TMCO3	c12
6.4655322168632e-39	0.646271694848457	0.526	0.392	2.16841019489158e-34	POLR2K	c12
1.85087881067633e-08	0.645967486563347	0.149	0.109	0.000620747735524629	MLF1	c12
5.57127979212841e-72	0.645148108233869	0.709	0.51	1.86849581668403e-67	HLA-DQA2	c12
1.22822999982641e-12	0.642206932631521	0.141	0.092	4.1192377734178e-08	LINC02195	c12
6.80025103162561e-29	0.640858586483116	0.312	0.205	2.2806681909866e-24	NUSAP1	c12
7.35177944533039e-25	0.63899853611058	0.373	0.274	2.46563979037491e-20	BANF1	c12
7.29913901361077e-10	0.63839861670993	0.096	0.061	2.44798524238478e-05	PPP2R2B	c12
5.03415844129349e-20	0.634796749887153	0.282	0.2	1.68835605804101e-15	TRIM26	c12
3.77256511053152e-11	0.634068670104763	0.146	0.1	1.26524288677006e-06	RBM15	c12
1.90976015104243e-15	0.623709779913463	0.143	0.089	6.40495359456611e-11	TNFRSF12A	c12
9.46541689756196e-100	0.621912749281566	0.86	0.627	3.17451151910433e-95	GZMB	c12
1.93268904128023e-17	0.621393397902303	0.254	0.179	6.48185250664564e-13	SLAMF1	c12
3.49938574670861e-12	0.620345164781596	0.132	0.086	1.17362399173113e-07	IFFO2	c12
1.59163152231263e-12	0.618575824660087	0.161	0.11	5.33801379953211e-08	APOBEC3H	c12
2.80618151464035e-18	0.616244730741601	0.305	0.223	9.41137156380081e-14	TUBB2A	c12
2.01588019487778e-21	0.616011246782087	0.401	0.306	6.76085899758109e-17	GLUL	c12
3.5928403965043e-44	0.612560856871023	0.706	0.602	1.20496681217961e-39	ST13	c12
2.32823549375537e-13	0.609908256758384	0.452	0.376	7.80843619895675e-09	CD69	c12
6.32751336490125e-65	0.60576172082132	0.765	0.633	2.12212143232058e-60	CFLAR	c12
9.17243305229662e-19	0.605504598199135	0.257	0.18	3.07625059707924e-14	SGMS1	c12
2.39338079796095e-15	0.604410831765408	0.203	0.138	8.02692052020142e-11	LAX1	c12
2.16939840836893e-11	0.6023977024947	0.151	0.103	7.27572838198772e-07	ADAM17	c12
6.87008281383186e-75	0.602136943367901	0.999	0.998	2.30408837410293e-70	UBC	c12
3.01138127846025e-08	0.599133383914967	0.195	0.152	0.00100995705317	PRKACB	c12
2.09125543306079e-09	0.598535173252618	0.129	0.089	7.01365247139928e-05	BTN2A2	c12
7.30285201119581e-15	0.588711700472797	0.178	0.119	2.44923050751485e-10	BROX	c12
1.02989745076644e-17	0.587910629936133	0.308	0.227	3.45407007038048e-13	STX11	c12
1.67010249175685e-25	0.585607555043311	0.454	0.347	5.60118973685413e-21	KLRB1	c12
5.47107592702171e-10	0.581031858936401	0.115	0.076	1.83488944440454e-05	WEE1	c12
2.03125808939224e-41	0.580518527872952	0.549	0.407	6.81243338020368e-37	CD63	c12
2.2790058474135e-39	0.575157606327576	0.548	0.41	7.64332981105539e-35	PIM1	c12
2.40693563410756e-18	0.574828002543683	0.292	0.211	8.07238072966994e-14	ETNK1	c12
3.06426813060634e-32	0.573402241484895	0.511	0.393	1.02769424564275e-27	PTPN1	c12
4.70206655666438e-48	0.571374647468246	0.827	0.751	1.5769790817741e-43	PTGES3	c12
6.62777999369477e-68	0.571074236606007	0.824	0.689	2.22282485428535e-63	BATF	c12
9.74221357411852e-12	0.570099743676635	0.163	0.113	3.26734358848787e-07	ETV1	c12
3.19584666090461e-41	0.569981579387652	0.593	0.445	1.07182305313419e-36	LAG3	c12
1.35404172415647e-08	0.569943652856645	0.136	0.097	0.000454118513447596	SLC27A2	c12
5.34550366180151e-11	0.569292100234204	0.129	0.085	1.79277501809499e-06	DGKE	c12
1.79561322670982e-07	0.568757418707148	0.095	0.065	0.00602212763973941	PHTF2	c12
3.77086761456586e-07	0.568253187822844	0.094	0.065	0.012646735805731	SLC35E4	c12
1.3258057381462e-06	0.567213960629335	0.09	0.063	0.0444648728459474	CD38	c12
2.76314055891663e-27	0.564604755432182	0.44	0.33	9.26702080649461e-23	ZNF267	c12
1.27727109113741e-18	0.56198060897709	0.529	0.457	4.28371178545663e-14	SELENOW	c12
1.39669153546095e-13	0.561235736655455	0.281	0.215	4.68422407162892e-09	NUCB1	c12
1.5438512543818e-24	0.557617408786788	0.389	0.285	5.17776833694567e-20	DENND4A	c12
1.0255066399078e-15	0.553384875723973	0.29	0.216	3.43934416892277e-11	CMC1	c12
2.79594000348853e-19	0.552293191864388	0.304	0.221	9.37702358369982e-15	EZH2	c12
9.37625285974158e-12	0.550543336771282	0.205	0.149	3.14460768410013e-07	DDAH2	c12
2.19831936639649e-63	0.549140527837465	0.829	0.741	7.37272349102054e-59	RAP1B	c12
6.44702894096615e-52	0.546622719896079	0.741	0.589	2.16220456622123e-47	CYTOR	c12
5.74612235650554e-37	0.54423710622519	0.644	0.534	1.92713451592483e-32	PAPOLA	c12
9.52435460878634e-47	0.542926463968244	0.691	0.556	3.19427804869476e-42	TANK	c12
1.59546297127471e-17	0.541009111567525	0.457	0.367	5.35086371306111e-13	TAGAP	c12
2.86568613660329e-19	0.540334315380238	0.429	0.342	9.61093816494012e-15	SUGT1	c12
5.60832268081629e-12	0.540127870226872	0.187	0.132	1.88091926069217e-07	B4GALT5	c12
7.32657270620731e-15	0.538858652764973	0.263	0.194	2.45718595420781e-10	ATF2	c12
1.00133781813168e-07	0.536070128154701	0.128	0.092	0.00335828677445004	FLOT1	c12
1.10377653269806e-35	0.535798261108777	0.512	0.378	3.70184573536277e-31	NAMPT	c12
1.04074468052591e-12	0.535505981409737	0.241	0.179	3.4904495095478e-08	LINC01943	c12
2.0825659788239e-13	0.534991935606203	0.227	0.165	6.9845097797796e-09	ATP2A2	c12
2.18046919455439e-08	0.534946921735551	0.164	0.122	0.000731285758469651	ABCB1	c12
1.79755810480816e-89	0.531553458043675	0.942	0.888	6.02865037190559e-85	SQSTM1	c12
6.30220640235865e-23	0.526837965997091	0.326	0.229	2.11363398322304e-18	ENTPD1	c12
2.09974093431667e-16	0.525913763552612	0.508	0.438	7.04211114551125e-12	SNX3	c12
1.92844658432054e-09	0.524669216771561	0.384	0.329	6.46762415449421e-05	INSIG1	c12
1.37301129761413e-17	0.523968304769466	0.349	0.264	4.60480528993827e-13	CRY1	c12
1.44144765087631e-28	0.523051947952204	0.519	0.403	4.83432713150898e-24	APOBEC3C	c12
5.34369330862996e-12	0.52265925897006	0.215	0.157	1.79216786184832e-07	YWHAG	c12
1.60322918253108e-55	0.522557127363447	0.738	0.573	5.37691003237275e-51	LINC02446	c12
4.55550765849232e-10	0.522027125626398	0.229	0.176	1.52782615850515e-05	VSIR	c12
1.60653056798129e-07	0.52181659698465	0.135	0.098	0.00538798221889566	GBP3	c12
1.30997673839747e-06	0.521353260096636	0.102	0.073	0.0439339998523742	GPR18	c12
6.48793775865455e-09	0.519741102247744	0.13	0.09	0.000217592456549756	SAMD8	c12
4.93816211596282e-18	0.517086686418251	0.341	0.259	1.65616081045161e-13	DNAAF2	c12
8.04754510429254e-09	0.516984140234593	0.213	0.165	0.000269898567707763	NUDT4	c12
5.40798594103079e-22	0.514295538302199	0.219	0.138	1.81373032490291e-17	FOSB	c12
1.42390699270407e-18	0.51358615999316	0.373	0.286	4.77549927213091e-14	GALM	c12
5.03398075961399e-38	0.513023518476613	0.77	0.669	1.68829646715934e-33	CLEC2B	c12
1.05373819241077e-24	0.510335659012822	0.475	0.369	3.53402714970724e-20	PPP4R2	c12
1.6242692688926e-16	0.510129661101795	0.36	0.276	5.44747427401202e-12	TIFA	c12
4.14279985044558e-14	0.509706360480705	0.289	0.218	1.38941221384244e-09	GBP5	c12
8.07023690662995e-35	0.50900483723826	0.617	0.491	2.70659605374555e-30	GPBP1	c12
3.36503969762583e-07	0.507632213893903	0.241	0.197	0.0112856701378975	SOD2	c12
3.10778298271913e-08	0.505171511780901	0.229	0.183	0.00104228825674434	MOB3A	c12
6.62306093791837e-07	0.504811951958551	0.103	0.073	0.0222124217735906	ADNP2	c12
6.64364669023981e-14	0.500560897152497	0.311	0.239	2.22814622697263e-09	AZIN1	c12
8.34752406214714e-22	0.499686253474457	0.489	0.391	2.79959261996291e-17	PIM2	c12
1.20141476978713e-14	0.498381274443951	0.31	0.238	4.02930485491209e-10	GPRIN3	c12
5.09898280426863e-09	0.496252199148713	0.181	0.135	0.000171009685289561	BBIP1	c12
9.02985211995468e-07	0.494271611754604	0.13	0.096	0.030284318039904	TYW3	c12
2.46898675953427e-11	0.492500391946603	0.153	0.105	8.28048779412604e-07	CTSH	c12
8.81616848698744e-08	0.491749937191972	0.168	0.127	0.00295676658716585	ZNF683	c12
1.12215665025468e-13	0.490922256312194	0.289	0.219	3.76348897362416e-09	SQLE	c12
4.71635686847096e-41	0.490914425173336	0.766	0.656	1.58177176654779e-36	TUBA1A	c12
8.81456895831943e-28	0.487549028587231	0.68	0.585	2.95623013724117e-23	ANXA1	c12
4.96644424772828e-13	0.485728081804146	0.247	0.181	1.66564607180311e-08	PRDM1	c12
1.4350451641391e-10	0.483949014434587	0.214	0.158	4.8128544714897e-06	LRBA	c12
5.27918931740555e-72	0.483707895459204	0.896	0.755	1.77053451327148e-67	HLA-DRB5	c12
4.91775717019193e-11	0.481017695997717	0.192	0.138	1.64931739973897e-06	FNIP1	c12
1.9894696324565e-21	0.480500991025085	0.484	0.384	6.67228325333261e-17	AMD1	c12
8.54880281834193e-17	0.478615902648661	0.31	0.229	2.86709748921552e-12	CHST11	c12
5.05880994713555e-35	0.476759796877504	0.69	0.572	1.69662368007032e-30	HCST	c12
8.34087752663289e-14	0.471859338297323	0.255	0.187	2.79736350488214e-09	CDKN1A	c12
5.37490479739407e-29	0.470833557997843	0.605	0.487	1.80263557095002e-24	EIF3A	c12
1.14215129566601e-08	0.469252134459895	0.164	0.12	0.000383054701540467	RIN3	c12
1.00374158466826e-47	0.469060059321002	0.611	0.44	3.36634852666042e-43	CRTAM	c12
1.28061500171277e-26	0.468430655801289	0.611	0.51	4.29492659274428e-22	CCT6A	c12
4.90938846180056e-07	0.466543727433795	0.127	0.093	0.0164651070231867	STX6	c12
6.25401772217465e-10	0.466408993974823	0.297	0.243	2.09747246366293e-05	NCOA7	c12
3.08421353631271e-28	0.465615001469365	0.604	0.497	1.03438353580856e-23	MAPRE2	c12
3.84673657056727e-11	0.460783017235497	0.279	0.219	1.29011851103685e-06	SP140	c12
3.01994354793096e-25	0.460056184785897	0.512	0.409	1.01282866710508e-20	AKIRIN2	c12
5.11582977000293e-37	0.459098118529952	0.796	0.717	1.71574698826358e-32	PGAM1	c12
1.62192318377156e-23	0.458293359192824	0.491	0.388	5.43960597373306e-19	MTCH1	c12
1.58308560367632e-17	0.458106714080263	0.496	0.408	5.30935249760966e-13	XBP1	c12
1.63549703083282e-07	0.456300571822706	0.169	0.128	0.00548512994200712	WDR44	c12
8.08472195158245e-08	0.455016057863505	0.199	0.155	0.00271145404812172	KLF10	c12
1.76109800332049e-08	0.449213295230465	0.265	0.213	0.000590637048353626	PLPP1	c12
2.63649301200341e-08	0.448519153335339	0.207	0.16	0.000884227026365703	CASZ1	c12
6.72734514910002e-20	0.446154628847599	0.592	0.508	2.25621701610516e-15	ZNF706	c12
5.52700351421974e-17	0.445660901230581	0.422	0.334	1.85364643859902e-12	ANXA6	c12
1.92044623362973e-08	0.443585767391042	0.218	0.171	0.000644079257834738	PARP14	c12
2.38030569800103e-08	0.442411067518323	0.178	0.134	0.000798306924995584	FAM45A	c12
1.60841581685861e-29	0.441006730833998	0.664	0.549	5.39430496658041e-25	CD82	c12
6.90732989880237e-13	0.436033584116498	0.259	0.192	2.31658030146034e-08	UHRF1BP1L	c12
6.34236931530681e-42	0.435914808502814	0.811	0.708	2.1271038209676e-37	MBNL1	c12
1.51868863677525e-11	0.433465319813611	0.243	0.183	5.09337795001685e-07	RLF	c12
2.90286330808992e-14	0.433301596841674	0.448	0.367	9.73562296267198e-10	CTSC	c12
3.47836850464276e-09	0.433046729610113	0.264	0.21	0.000116657522908709	TOX	c12
1.87564410094018e-22	0.432481477217846	0.483	0.379	6.29053518573317e-18	HIF1A	c12
6.63497489338717e-51	0.431947998055589	0.872	0.774	2.22523787974419e-46	EIF5	c12
1.42741560475234e-06	0.430893896184278	0.191	0.152	0.047872664552184	BCL10	c12
1.20703081500811e-10	0.429380345030363	0.341	0.278	4.04813994737421e-06	LRRFIP2	c12
1.06673196677956e-10	0.428746281605014	0.197	0.143	3.57760567018529e-06	KLHL21	c12
3.83586768692316e-14	0.428662764722925	0.347	0.269	1.28647330484029e-09	ITGB2	c12
4.7097635083802e-28	0.424946953333436	0.636	0.525	1.57956048544055e-23	ITK	c12
1.57789716854878e-12	0.423676310300601	0.692	0.61	5.29195152387891e-08	JUN	c12
3.62981723572588e-11	0.422262231660588	0.256	0.193	1.21736810451775e-06	CA5B	c12
1.7360261631889e-09	0.42159160606245	0.381	0.323	5.82228454610294e-05	ZFAND5	c12
5.23697815124522e-18	0.421051275094586	0.412	0.317	1.75637773236462e-13	DDX3Y	c12
5.8988308150805e-17	0.420480084732323	0.411	0.322	1.9783498787617e-12	SLC38A2	c12
3.27936583866996e-16	0.420137480231006	0.426	0.343	1.09983371497313e-11	ZNFX1	c12
7.37900768067663e-60	0.417892839990437	0.833	0.702	2.47477159594533e-55	TUBA1B	c12
4.29295574384651e-07	0.417643753628384	0.12	0.086	0.0143977149737124	PHF13	c12
1.27438771481505e-08	0.416925753978847	0.232	0.183	0.000427404151794672	TMEM263	c12
3.14316310122919e-14	0.414530919087966	0.334	0.26	1.05415404089025e-09	ZC3H12D	c12
5.2616414558246e-44	0.413935202379073	0.802	0.661	1.76464931145446e-39	HLA-DQA1	c12
2.27420120994415e-67	0.41355465087201	0.935	0.867	7.6272160179107e-63	CLIC1	c12
1.35989812551902e-10	0.413121773184009	0.309	0.248	4.5608263333657e-06	PSMD12	c12
1.56116554197561e-43	0.413046386594763	0.764	0.619	5.23583699467781e-39	HLA-DRA	c12
3.154350841566e-20	0.412354903045828	0.618	0.531	1.05790618524441e-15	RAB27A	c12
4.3435621164268e-07	0.411052997214401	0.184	0.143	0.0145674386260722	BCL2	c12
1.37721041881053e-14	0.409805997335481	0.354	0.274	4.61888830260677e-10	IFI27L2	c12
7.16363121944552e-43	0.408161268829413	0.316	0.186	2.40253863837764e-38	GNLY	c12
7.0839992629891e-38	0.408139846343979	0.623	0.473	2.37583167282128e-33	TNFRSF9	c12
8.22448061961776e-08	0.406945909908366	0.168	0.125	0.0027583263102074	DTHD1	c12
1.06577387577712e-14	0.406237141463646	0.461	0.383	3.57439242458132e-10	SDCBP	c12
2.44868366576818e-10	0.405920152996205	0.279	0.217	8.21239527825333e-06	UBE2S	c12
2.55018785373053e-11	0.401394707953676	0.289	0.225	8.55282002384145e-07	PTOV1	c12
5.76449136154304e-15	0.396565953324378	0.38	0.298	1.93329511283431e-10	ARL3	c12
3.74991846875143e-20	0.395678360530101	0.766	0.701	1.25764765604985e-15	PRDX1	c12
4.31222409987159e-08	0.395561118115243	0.224	0.177	0.00144623371861493	PELO	c12
3.28508282847139e-07	0.395152513728515	0.143	0.106	0.0110175107901273	CCDC127	c12
6.64199075614014e-08	0.395097621838958	0.204	0.158	0.00222759085979428	MAPK6	c12
3.5483222021201e-09	0.394278608464283	0.217	0.166	0.000119003630014704	KIAA0232	c12
5.09158444341686e-09	0.393537265129778	0.243	0.189	0.000170761559063315	KIF13B	c12
3.84707284606083e-17	0.389370969357357	0.503	0.419	1.29023129111188e-12	ARPC5L	c12
2.9064291844288e-11	0.388815897255827	0.435	0.371	9.74758219873732e-07	TAF7	c12
1.34583538826615e-06	0.386053364528892	0.17	0.132	0.0451366272516703	RASGEF1B	c12
4.60683426758361e-08	0.385524452560834	0.167	0.124	0.00154504007666219	TP53INP1	c12
1.06835236601955e-20	0.381957509119345	0.504	0.396	3.58304016515636e-16	PTMS	c12
2.38281845424229e-07	0.379637413785904	0.14	0.102	0.00799149653183778	PIK3CG	c12
1.37563148508222e-31	0.378791061839072	0.839	0.746	4.61359287466876e-27	RGCC	c12
5.65200305158562e-26	0.376872598111168	0.651	0.537	1.89556878344079e-21	HNRNPLL	c12
9.70179659833158e-07	0.373693958514751	0.228	0.184	0.0325378854314844	PLK3	c12
3.87506407308957e-11	0.372041936696276	0.379	0.314	1.29961898883278e-06	PAG1	c12
5.23985845139529e-09	0.37170184924157	0.27	0.216	0.000175734372742895	SKAP1	c12
1.75463304783909e-10	0.371309826366457	0.45	0.389	5.88468831584273e-06	BAZ1A	c12
7.54261092177549e-14	0.371281842574161	0.507	0.432	2.52964085094506e-09	CCT5	c12
1.89291359384659e-14	0.369692914777773	0.439	0.357	6.34845361104269e-10	DERL1	c12
2.80662105358874e-09	0.36857572570075	0.299	0.24	9.41284568952591e-05	WHAMM	c12
3.2652433281041e-09	0.368455283560117	0.289	0.233	0.000109509730737955	CSNK1G3	c12
3.12364727401084e-27	0.367440152637305	0.715	0.611	1.04760882275776e-22	YWHAH	c12
1.0898566191998e-08	0.367300098435828	0.296	0.241	0.00036551611294723	UBR2	c12
8.01922520549621e-24	0.366186955348661	0.764	0.681	2.68948774941932e-19	ARL6IP5	c12
1.80394970498952e-20	0.363857232330321	0.505	0.399	6.05008652059386e-16	BHLHE40	c12
7.4039300679626e-14	0.363216319623016	0.351	0.272	2.4831300661933e-09	CCNH	c12
1.11162613336149e-11	0.362571599812381	0.37	0.298	3.72817172606776e-07	SMC4	c12
4.41832292588334e-08	0.360194010320889	0.217	0.169	0.00148181714288275	TMEM126A	c12
2.35423691247654e-16	0.359481928435971	0.507	0.416	7.89563975706381e-12	CD48	c12
4.57402792188684e-13	0.358719551631509	0.374	0.297	1.53403748444241e-08	GOLT1B	c12
4.01193191155762e-16	0.357499151619027	0.56	0.479	1.3455217244982e-11	ATP2B4	c12
1.93093120594863e-08	0.357497550843854	0.216	0.166	0.000647595707851052	RIT1	c12
1.27740643591492e-06	0.356974313206709	0.254	0.212	0.0428416570477144	DCP2	c12
7.92234862605058e-44	0.356809860199411	0.801	0.65	2.65699728220484e-39	S100A4	c12
1.00391870425961e-30	0.35633792921816	0.791	0.693	3.36694255034587e-26	CD52	c12
2.41520380844539e-39	0.356286765968356	0.905	0.833	8.10011053276415e-35	KLF6	c12
7.21949235856668e-07	0.356140901112394	0.23	0.186	0.0242127334721609	SPEN	c12
3.86967980009802e-08	0.354343339824877	0.238	0.187	0.00129781321135687	MACF1	c12
1.34307624386714e-10	0.353260944420364	0.391	0.321	4.50440910668162e-06	IFRD1	c12
1.99387901299715e-07	0.352119728846675	0.302	0.253	0.00668707143378984	NUTM2B-AS1	c12
4.46034955259695e-11	0.351430240690955	0.422	0.351	1.49591203294997e-06	MIER1	c12
1.62340190692647e-16	0.351118679682208	0.5	0.413	5.44456531545e-12	DDX3X	c12
1.51111987779289e-09	0.3493056460868	0.308	0.248	5.0679938461418e-05	TSTD1	c12
1.28595128198016e-11	0.348823651011847	0.352	0.281	4.31282340950505e-07	RNASEK	c12
1.49820068793511e-09	0.347982863525184	0.406	0.344	5.02466546719679e-05	PPP1R18	c12
3.06234551909897e-19	0.347801186580207	0.661	0.575	1.02704944019541e-14	TRAT1	c12
3.44465841008771e-18	0.346172149770638	0.638	0.552	1.15526953757522e-13	NOP58	c12
3.34777842841513e-09	0.345995828773402	0.295	0.237	0.000112277792932187	PPIL4	c12
2.42945676956833e-12	0.344284551993433	0.438	0.362	8.14791211377827e-08	ANKLE2	c12
2.20312602783833e-23	0.34296599710775	0.69	0.595	7.38884407216418e-19	TUBB4B	c12
1.13380883693909e-15	0.341370151281951	0.411	0.322	3.80256807732631e-11	RAB8B	c12
1.47049100064639e-10	0.340680096746664	0.449	0.383	4.93173271796786e-06	RAB10	c12
2.81711216185503e-07	0.338416996124012	0.196	0.152	0.00944803076842939	TBX21	c12
9.088015900024e-33	0.337106478209845	0.89	0.84	3.04793877255005e-28	HNRNPA2B1	c12
1.53569390358521e-09	0.336138968462931	0.313	0.253	5.15041021384408e-05	RAB5A	c12
2.21183266574342e-20	0.333385064034817	0.692	0.614	7.41804439437028e-16	ACTR3	c12
3.07871129865393e-07	0.333319065126308	0.199	0.156	0.0103253819534255	TP53BP2	c12
3.32133116386342e-14	0.331105213599425	0.535	0.452	1.11390804573652e-09	COX17	c12
2.75117781175065e-32	0.329384604107486	0.852	0.781	9.22690014504932e-28	MYADM	c12
4.62244256570643e-20	0.325584276086077	0.664	0.563	1.55027478768662e-15	STK17B	c12
5.61678344978714e-07	0.324773920113102	0.325	0.278	0.0188375683338961	ARL8B	c12
1.42302370464701e-16	0.324723031038783	0.562	0.457	4.77253690064515e-12	IKZF3	c12
3.05217165599243e-10	0.323903297837675	0.323	0.258	1.02363732998674e-05	HIPK1	c12
8.88373091924248e-09	0.321958504376196	0.295	0.237	0.000297942567569554	VPS26A	c12
6.8809177288926e-21	0.32022178371824	0.826	0.759	2.307722187916e-16	APOBEC3G	c12
1.00669660192314e-11	0.317220868770773	0.44	0.361	3.37625906352983e-07	VCAM1	c12
6.18860619232436e-08	0.315637516591127	0.319	0.265	0.00207553474478174	EPS15	c12
3.14153712808875e-22	0.315576872055216	0.79	0.724	1.0536087220184e-17	AKAP13	c12
6.48645116210738e-08	0.313839423019811	0.316	0.263	0.00217542599074757	AFTPH	c12
3.08939730514553e-57	0.313558593929129	0.983	0.931	1.03612206819971e-52	CCL5	c12
1.714811361356e-08	0.312215306313307	0.302	0.243	0.000575113434371576	DDIT3	c12
8.03217220447654e-08	0.312214378110277	0.326	0.273	0.00269382991393734	ANP32E	c12
3.42285186211467e-13	0.311802458336457	0.552	0.476	1.14795605751602e-08	SH3GLB1	c12
2.42665380304323e-07	0.311605276390558	0.236	0.187	0.00813851152464638	RICTOR	c12
4.7640326715586e-08	0.309567415438122	0.347	0.29	0.00159776127738732	NGRN	c12
1.27923374494147e-17	0.307141209588514	0.614	0.527	4.29029413378471e-13	RSRC2	c12
3.18124917881285e-23	0.305178135665877	0.877	0.813	1.06692734959025e-18	DYNLL1	c12
1.87525288140793e-07	0.304693363381379	0.361	0.311	0.00628922311366591	OGA	c12
3.3464577646934e-23	0.30467186934156	0.808	0.752	1.12233500512287e-18	MAP1LC3B	c12
9.54977614510447e-07	0.300554132283376	0.203	0.159	0.0320280392354514	PERP	c12
1.82477968389054e-22	0.298991151443442	0.822	0.757	6.11994610383211e-18	RBM8A	c12
1.89329902822828e-17	0.298909095412766	0.787	0.727	6.34974628087202e-13	HNRNPC	c12
6.72506214442885e-10	0.298397784657492	0.483	0.42	2.25545134199855e-05	RHEB	c12
6.42546741012563e-12	0.298246230382672	0.564	0.494	2.15497326000793e-07	PSME2	c12
1.41230030411966e-06	0.296097717033131	0.247	0.201	0.0473657275995653	ARL4A	c12
5.46717972149253e-08	0.294846616841309	0.488	0.432	0.00183358273499417	CLK1	c12
2.05877279688543e-17	0.294725772410196	0.712	0.629	6.90471220619437e-13	UBE2A	c12
4.53444202258526e-14	0.293968669768985	0.67	0.596	1.52076116553464e-09	FAM107B	c12
3.58615609302391e-10	0.293610992534666	0.485	0.423	1.20272503047836e-05	ELOVL5	c12
8.36016267222272e-08	0.292286936835475	0.287	0.234	0.00280383135701006	GTPBP4	c12
1.80309884619669e-07	0.290733284544017	0.317	0.263	0.00604723291037445	DPH3	c12
1.36212984947767e-07	0.28941681827614	0.457	0.399	0.0045683110891782	B3GNT2	c12
1.32096958512552e-10	0.287026908171435	0.528	0.463	4.43026779459396e-06	PSMA6	c12
1.21972704711197e-06	0.285838433637461	0.247	0.199	0.0409072057060412	BCL2L11	c12
5.19267221863829e-15	0.285014953229726	0.596	0.505	1.74151840868691e-10	CBLB	c12
3.10948332652902e-08	0.284521460959953	0.548	0.492	0.0010428585180513	OASL	c12
8.96636693369159e-08	0.284244535217429	0.321	0.267	0.00300714014222149	CREBRF	c12
1.72134390362503e-09	0.282689389560563	0.359	0.294	5.77304318397762e-05	RORA	c12
5.0391552544321e-08	0.282565773727296	0.323	0.266	0.00169003188923144	CASP8	c12
1.43875912024531e-08	0.278039698909305	0.503	0.443	0.000482531033747871	CCT8	c12
4.54102116051065e-32	0.276942436010537	0.947	0.918	1.52296767681206e-27	SERF2	c12
4.00750316410837e-12	0.276662137186858	0.619	0.55	1.34403641117866e-07	ZFP36L1	c12
6.62234879458113e-14	0.270768214279163	0.635	0.567	2.22100333872662e-09	ELF1	c12
4.65554319710852e-16	0.270742315711155	0.778	0.714	1.56137607744625e-11	CYTIP	c12
3.68955923480035e-19	0.269462775866015	0.771	0.682	1.23740437616734e-14	PKM	c12
2.45765323830351e-36	0.268195691874491	0.935	0.905	8.24247743062232e-32	RAN	c12
5.3234365790473e-10	0.267959304600052	0.473	0.407	1.78537415988088e-05	HERPUD2	c12
7.02911250599427e-09	0.267229848103725	0.428	0.362	0.000235742375226036	HBP1	c12
3.38319835298191e-08	0.26695492638097	0.386	0.328	0.00113465706362307	NFKBIB	c12
5.26256391230232e-11	0.26668732535589	0.588	0.517	1.76495868490795e-06	DNAJA2	c12
1.69588378810899e-08	0.263432755251476	0.352	0.291	0.000568765504855994	RIOK3	c12
3.04315538414291e-21	0.26306627007712	0.811	0.714	1.02061345273385e-16	HLA-DPA1	c12
1.47514749363373e-18	0.261870797027388	0.849	0.787	4.9473496641488e-14	UBE2D3	c12
2.25653875643901e-22	0.260636557951661	0.897	0.845	7.56797968134514e-18	CD2	c12
4.25312651895928e-09	0.259727219367846	0.364	0.302	0.000142641357192856	FKBP11	c12
5.10276020962452e-14	0.258851101640104	0.645	0.568	1.71136371910387e-09	GLUD1	c12
4.2649091908545e-07	0.257501787648254	0.377	0.327	0.0143036524442878	GPR137B	c12
2.58145868314613e-11	0.256684409380987	0.73	0.675	8.6576961315355e-07	HNRNPU	c12
1.35604413136365e-11	0.255524804356238	0.574	0.496	4.54790080776741e-07	NAA50	c12
6.92837922990358e-12	0.25378560630577	0.406	0.323	2.32363982612506e-07	SMARCA2	c12
4.05442589917293e-09	0.247653872774925	0.483	0.412	0.000135977335806462	ABRACL	c12
2.41452346591229e-09	0.243537549037494	0.521	0.455	8.09782879997664e-05	KIF5B	c12
9.54065043436225e-07	0.241564274541197	0.424	0.371	0.0319974334267641	BAX	c12
7.58178857692434e-09	0.239594146093688	0.622	0.565	0.000254278025292888	APBB1IP	c12
1.59169610568075e-09	0.239572032451305	0.691	0.634	5.3382303992321e-05	EIF4A2	c12
7.72675965708342e-29	0.239522627271735	0.808	0.659	2.59140065379264e-24	CXCL13	c12
5.40930778294263e-07	0.237723250727238	0.478	0.423	0.018141736442433	GPSM3	c12
1.26232986013047e-06	0.236942349949656	0.45	0.391	0.0423360188490556	MPC2	c12
3.25557301452838e-09	0.236330672649381	0.539	0.47	0.000109185407761253	EIF1B	c12
7.25500454613708e-07	0.235635463500255	0.342	0.288	0.0243318342468346	ASXL1	c12
1.15649698694612e-11	0.233997889312106	0.648	0.562	3.87865959481991e-07	LCP1	c12
1.02434509784057e-08	0.231333828139564	0.562	0.496	0.000343544858913771	PTP4A2	c12
4.30073838725415e-12	0.23059965674865	0.813	0.766	1.4423816403173e-07	IQGAP1	c12
2.04221236023771e-12	0.230169541692513	0.768	0.719	6.84917181376523e-08	ANKRD12	c12
4.84104679792362e-08	0.230073609446717	0.268	0.211	0.00162359027508762	PTGER4	c12
9.83759967314341e-11	0.229957149220773	0.639	0.562	3.29933417837884e-06	CTSW	c12
7.01454890285857e-08	0.229775235603028	0.455	0.392	0.00235253941104071	MTHFD2	c12
4.74852207484159e-24	0.229239478634016	0.983	0.96	1.59255933346037e-19	CD74	c12
1.15790051664024e-06	0.22781323589974	0.495	0.443	0.0388336675270802	GNAI3	c12
5.70498873312461e-14	0.227681179174672	0.848	0.83	1.91333912131533e-09	GNG2	c12
5.41305403785078e-16	0.221979213824063	0.841	0.764	1.8154300632144e-11	S100A11	c12
5.82342880754431e-15	0.221435495340155	0.736	0.664	1.95306155347421e-10	PIM3	c12
1.28638768246474e-09	0.220129729624499	0.684	0.619	4.31428700945024e-05	CSDE1	c12
1.42815168787954e-07	0.219838537788161	0.574	0.514	0.00478973513081041	PTPN22	c12
3.7945328877707e-07	0.219055266154953	0.387	0.332	0.0127261043990054	ETF1	c12
7.08198531040328e-12	0.213120015271422	0.791	0.742	2.37515623340305e-07	CDC42	c12
1.13460896136714e-15	0.212837853923011	0.886	0.875	3.8052515346331e-11	ADGRE5	c12
1.17394334796225e-06	0.212523454077886	0.505	0.454	0.0393717120039579	MGAT4A	c12
2.70864817629635e-26	0.211152733452934	0.929	0.836	9.08426425366268e-22	HLA-DRB1	c12
4.18071238889966e-08	0.208998230040816	0.563	0.509	0.00140212732098917	NSD3	c12
1.51238991633599e-14	0.205975401070199	0.786	0.704	5.07225330140764e-10	HLA-DPB1	c12
3.48191815436037e-07	0.203062742025846	0.638	0.594	0.0116776571060938	LAMTOR5	c12
5.41415388025213e-07	0.200973423711853	0.531	0.475	0.0181579892835896	ITGB1	c12
1.60600406943449e-08	0.198059691017928	0.634	0.575	0.000538621644806941	PRPF40A	c12
7.22239555529516e-07	0.196950620041036	0.632	0.571	0.0242224702133489	EWSR1	c12
1.71577341201327e-09	0.19616282751568	0.66	0.594	5.75436086921009e-05	NDUFV2	c12
2.49565064981215e-08	0.194188845608736	0.609	0.539	0.000836991314933998	NEAT1	c12
4.58451892472641e-08	0.193350481971178	0.689	0.639	0.00153755595697474	ARID4B	c12
7.34436679991548e-07	0.191747175832881	0.572	0.519	0.0246315373735565	RNF149	c12
2.70343614587755e-10	0.190301072163042	0.784	0.722	9.06678414604413e-06	RBPJ	c12
5.85978558963337e-07	0.190108915210225	0.515	0.459	0.0196525489105124	CCNL1	c12
1.28759344072927e-06	0.188538863366978	0.821	0.781	0.0431833088151784	SRSF7	c12
4.88375297294083e-07	0.188317901576907	0.639	0.579	0.0163791307206489	BUB3	c12
9.9043220390997e-08	0.186811761696969	0.636	0.579	0.00332171152547326	ODC1	c12
6.87078144243985e-11	0.183308584871737	0.937	0.907	2.30432268016548e-06	SRP14	c12
1.23580142682354e-33	0.180654395371214	0.999	0.994	4.14463082528078e-29	EIF1	c12
7.77668138770898e-11	0.178355356916959	0.722	0.641	2.60814340380984e-06	SLC7A5	c12
1.25673000786324e-07	0.177134514626103	0.541	0.483	0.00421482110037174	MOB1A	c12
2.12171810395584e-09	0.176156544719345	0.818	0.771	7.11581817704711e-05	RELB	c12
2.9304949615843e-16	0.175768585362524	0.84	0.773	9.82829400216143e-12	MCL1	c12
5.91426364450192e-07	0.174733615377283	0.581	0.527	0.0198352574109305	RAB11A	c12
1.275229471548e-06	0.174040569301903	0.552	0.497	0.0427686460167769	ZNF207	c12
2.29411723719768e-08	0.167143824778514	0.771	0.716	0.000769401039011357	RBM39	c12
1.45554451491864e-14	0.163843087876172	0.997	0.994	4.88160519413413e-10	H3F3B	c12
2.17484257392058e-10	0.160515479722831	0.706	0.616	7.29398702441483e-06	FYB1	c12
6.35010053164284e-07	0.159163119957968	0.386	0.327	0.0212969671630237	CHN1	c12
3.21132852209561e-12	0.149651939779187	0.786	0.685	1.07701535974043e-07	ALOX5AP	c12
2.79472009670638e-10	0.142765473026015	0.83	0.77	9.37293226033387e-06	EMP3	c12
4.11072085424978e-09	0.1405765304763	0.749	0.659	0.000137865356009829	MYL12A	c12
1.08494448519639e-06	0.138571602163175	0.915	0.929	0.0363868681445164	CD44	c12
1.04812122538273e-07	0.121669316484549	0.617	0.539	0.0035151889656886	LGALS3	c12
6.99110076484266e-12	0.117963138306428	0.999	0.998	2.34467537451293e-07	RPS19	c12
