p_val	avg_log2FC	pct.1	pct.2	p_val_adj	gene	seurat_clusters
0	3.02818425170303	0.272	0.037	0	S1PR1	c14
0	2.05210067236538	0.379	0.098	0	KLF2	c14
0	1.76811017421899	0.461	0.151	0	GPR183	c14
0	1.4237268128992	0.973	0.774	0	S100A10	c14
0	1.23678676916931	0.949	0.721	0	EMP3	c14
0	0.798975695502893	0.996	0.89	0	SH3BGRL3	c14
1.6452127894247e-296	1.12148467738562	0.698	0.338	5.51771465317255e-292	GZMK	c14
6.95015061209321e-287	2.38717523180191	0.215	0.046	2.33094151228382e-282	SAMD3	c14
3.76769511571086e-278	1.23938376723052	0.827	0.55	1.26360958790711e-273	ANXA1	c14
1.10209319370959e-261	1.5550610970971	0.54	0.259	3.69620015306322e-257	S1PR4	c14
8.47968155359002e-254	2.5324377413061	0.158	0.029	2.84391559944302e-249	KLF3	c14
1.9606672754247e-244	1.88595912970268	0.343	0.12	6.57568590831936e-240	CDC25B	c14
3.97254708416441e-233	1.3701836413498	0.529	0.255	1.33231284108706e-228	MCUB	c14
5.32553050250876e-226	1.21601003878587	0.661	0.382	1.78607641993139e-221	CXCR3	c14
6.87981231639945e-220	0.923198862858391	0.863	0.652	2.30735145467405e-215	ANXA2	c14
1.25871200228022e-214	0.38963418575181	1	0.951	4.22146831324742e-210	RPS14	c14
1.46237126653552e-207	1.58885199375704	0.349	0.133	4.90450075370681e-203	P2RY8	c14
4.75734889222811e-200	1.15355620922253	0.63	0.361	1.59551967147546e-195	GIMAP7	c14
1.19678102870749e-197	1.56753438773428	0.428	0.195	4.01376421407918e-193	LYAR	c14
4.11627674820856e-194	0.653385676168243	0.997	0.944	1.38051689581419e-189	FTH1	c14
7.68588456786604e-191	0.717777279934934	0.916	0.744	2.57769196637091e-186	TGFB1	c14
4.62019681473337e-189	1.03690188013667	0.519	0.249	1.54952160772528e-184	CCR7	c14
4.05034508137494e-183	0.334460113851124	1	0.967	1.35840473339153e-178	RPL10	c14
1.58962475847318e-175	1.40405360017346	0.412	0.191	5.33128351496736e-171	TES	c14
3.86601862214862e-175	0.519592221941298	0.995	0.95	1.2965853254962e-170	VIM	c14
2.96034029866163e-173	0.898730818416177	0.747	0.51	9.92838929365138e-169	SELPLG	c14
7.82066125333761e-163	1.67013843692738	0.238	0.08	2.62289337114437e-158	RASA3	c14
1.74175312460279e-158	0.350596087933692	1	0.962	5.84149162929285e-154	RPL13	c14
4.56164416316519e-158	2.54532506781526	0.113	0.023	1.52988421944234e-153	PXN	c14
4.20435279421938e-157	0.51087280283279	0.987	0.905	1.41005584012529e-152	TAGLN2	c14
8.98171344625522e-157	0.653571872050387	0.915	0.77	3.01228705560508e-152	LRRFIP1	c14
4.78756457924068e-156	1.89332885846978	0.169	0.046	1.60565340858574e-151	ITGA5	c14
1.41612689895103e-155	0.31636009058155	1	0.957	4.74940639370197e-151	RPS15A	c14
1.75802454283037e-153	0.47822886540744	0.999	0.944	5.89606271174449e-149	TMSB10	c14
1.29281234851608e-151	2.15223006624619	0.148	0.038	4.33583405445322e-147	RASGRP2	c14
6.67900880570292e-148	0.301416213634084	1	0.962	2.24000597325665e-143	RPL28	c14
8.41079670970374e-148	0.339972842021838	1	0.958	2.82081300050044e-143	RPS12	c14
1.1224991632715e-144	1.84541577115391	0.183	0.055	3.76463769377996e-140	TC2N	c14
3.18842624229494e-143	0.70630674951347	0.83	0.658	1.06933439314088e-138	LIMD2	c14
1.1485483914164e-141	0.310314319403711	1	0.95	3.85200159513232e-137	RPL39	c14
3.94561054225848e-139	1.46070206659295	0.343	0.157	1.32327886366265e-134	LTB	c14
1.58453751665228e-137	0.394383174021384	0.992	0.94	5.31422192334841e-133	RPL3	c14
3.56988195996478e-137	0.534536631928871	0.957	0.849	1.19726701173299e-132	LDHA	c14
4.47428428466595e-136	0.769632763814276	0.854	0.717	1.50058546339127e-131	S100A11	c14
9.93648832153953e-134	1.20758352067778	0.403	0.205	3.33249945327793e-129	CD55	c14
8.13621599835104e-133	0.368002195633698	1	0.952	2.72872412152697e-128	RPS8	c14
1.79570945811941e-132	0.313195932724303	1	0.953	6.02245038064088e-128	RPS3	c14
1.70115427035291e-131	0.275054844506666	1	0.958	5.7053311919096e-127	RPL30	c14
1.08287445374284e-130	0.285252523158463	1	0.973	3.63174434296273e-126	EEF1A1	c14
6.16928006487955e-128	0.325792303377491	0.994	0.943	2.0690531481593e-123	RPL23A	c14
2.9549710926417e-122	1.04246823359902	0.472	0.268	9.91038205050174e-118	GIMAP4	c14
3.17943837195546e-121	3.54234521937803	0.045	0.005	1.06632004118642e-116	PRSS23	c14
6.92392431070766e-117	0.233200134948295	1	0.969	2.32214573532513e-112	RPL41	c14
1.12048147419533e-114	0.604456883402098	0.849	0.707	3.75787076815631e-110	PLP2	c14
8.30482559415946e-114	0.260780256541134	1	0.968	2.7852724077692e-109	RPS27	c14
7.2116611709633e-111	0.285990536967021	0.999	0.953	2.41864692351767e-106	RPL34	c14
6.44169461239592e-107	0.288328511896196	0.999	0.949	2.16041553910534e-102	RPL14	c14
2.65349309907843e-105	0.904782054471216	0.539	0.353	8.89928515568924e-101	CNN2	c14
1.87162504094131e-102	1.09230233509043	0.39	0.216	6.27705606230895e-98	YBX3	c14
6.57615537246472e-100	1.48058349994944	0.165	0.058	2.20551098881722e-95	EPHA4	c14
1.0517787621442e-99	0.947150498457345	0.552	0.373	3.52745561247922e-95	GYG1	c14
2.71813006941535e-98	0.610300495590301	0.813	0.65	9.11606462680519e-94	CD52	c14
7.17588072791228e-98	0.512925292562966	0.9	0.784	2.40664687852722e-93	CD99	c14
1.92080382523357e-96	0.611782590652145	0.687	0.509	6.44199186906835e-92	LITAF	c14
1.40804146286727e-95	0.514388252145888	0.865	0.722	4.72228945816426e-91	APOBEC3G	c14
1.52130174376886e-94	0.295134890476378	0.998	0.948	5.10214178825199e-90	RPLP2	c14
5.42291472424221e-94	0.310519337207712	0.998	0.948	1.81873714021635e-89	RPS18	c14
3.48918130257473e-92	0.256147859302379	1	0.955	1.17020162525751e-87	RPL19	c14
6.27075922428069e-90	1.22904709931707	0.344	0.192	2.10308722863926e-85	PPP1R14B	c14
2.37793295575111e-89	0.458739425103226	0.889	0.735	7.97511154699806e-85	LMNA	c14
7.27553125296216e-87	0.33937453054348	0.978	0.903	2.44006767161845e-82	PFN1	c14
1.04549705175922e-86	0.69785712571787	0.639	0.455	3.50638801219007e-82	IL7R	c14
2.72049710336022e-85	0.425687829211348	0.863	0.697	9.1240031852495e-81	CST7	c14
4.62886005589159e-85	2.61939921900739	0.064	0.013	1.55242708554492e-80	FGFBP2	c14
1.49231214357167e-83	0.266071368394237	0.999	0.949	5.00491646711068e-79	RPS23	c14
6.97455124234919e-82	0.265883048990236	0.996	0.943	2.33912499565907e-77	RPL36	c14
2.419425458011e-81	1.28516173255856	0.294	0.158	8.1142691010773e-77	FLT3LG	c14
2.56889845221866e-80	0.984402967826227	0.313	0.17	8.61557162905093e-76	STK38	c14
6.53382883502646e-78	0.532593067084478	0.817	0.687	2.19131551469117e-73	FXYD5	c14
1.19795558597568e-77	0.632454148557395	0.558	0.389	4.01770344424525e-73	FAM102A	c14
4.41567809318884e-77	0.237645013774112	1	0.952	1.48093011889367e-72	RPL7A	c14
1.30129338314821e-74	1.4766465668257	0.14	0.052	4.36427774840248e-70	GRAMD1C	c14
3.32022674716412e-74	1.4109194403047	0.182	0.079	1.1135376464639e-69	TSPAN2	c14
3.36126575068637e-74	0.377295618529059	0.962	0.895	1.12730130746519e-69	EZR	c14
1.49562413000566e-73	0.270311952500651	0.992	0.941	5.01602420721299e-69	RPS29	c14
2.16694679938706e-72	0.449625880308703	0.934	0.84	7.26750617578431e-68	S100A6	c14
3.09828649311207e-72	0.288557030645174	1	0.949	1.03910332405993e-67	RPS3A	c14
1.19451359506556e-71	0.246419871719919	1	0.951	4.00615969513089e-67	RPS21	c14
1.24222927812455e-71	1.12808597581995	0.303	0.172	4.16618855297411e-67	TPST2	c14
8.97512516614644e-71	0.222509170147564	1	0.956	3.01007747822219e-66	RPL11	c14
2.01451056808493e-70	0.571323381674482	0.748	0.621	6.75626554324325e-66	YWHAQ	c14
2.59330518392709e-70	0.289549515383706	0.998	0.944	8.69742692585467e-66	RPS4X	c14
2.44029664338192e-69	0.682840035339116	0.62	0.464	8.18426688257428e-65	OASL	c14
2.00748455359635e-67	1.19107072678602	0.247	0.13	6.73270169585144e-63	LIME1	c14
2.27929538345541e-67	0.236395418652399	1	0.953	7.64430085703276e-63	RPS28	c14
4.00573907885409e-67	0.233090554694502	1	0.952	1.34344477226608e-62	RPL18A	c14
8.75234475443875e-66	0.219362450152273	1	0.956	2.93536138374367e-61	RPS27A	c14
3.37679731740078e-65	0.444833581836999	0.857	0.767	1.13251028430987e-60	CRIP1	c14
3.541168797625e-65	0.230454647500382	1	0.955	1.18763719134747e-60	RPL32	c14
2.49045786085041e-63	1.4225466929755	0.168	0.076	8.35249757372009e-59	SH3BP5	c14
6.30711939847674e-63	0.209278554317358	1	0.95	2.11528170386113e-58	RPL35A	c14
1.83073274928262e-62	0.86731078625293	0.263	0.14	6.13991149454404e-58	TCF7	c14
2.77871752425889e-62	1.54118915708422	0.081	0.024	9.31926283285947e-58	TRBV5-6	c14
1.79860404157207e-61	0.202299791295623	1	0.955	6.03215823462442e-57	RPS15	c14
1.55749362715937e-60	0.21844095475624	0.997	0.952	5.2235221267671e-56	RPS2	c14
1.82842587633642e-60	1.31945291791465	0.168	0.077	6.13217470405709e-56	GIMAP1	c14
9.64237058365741e-60	1.0978431088793	0.214	0.11	3.23385824634702e-55	RIPOR2	c14
3.27605930069571e-59	1.32278933414783	0.164	0.074	1.09872476826733e-54	CDKN2D	c14
4.4356380762604e-59	0.536799335093702	0.584	0.444	1.48762429801621e-54	TMEM43	c14
7.32513793941555e-58	0.880602418967255	0.365	0.237	2.45670476212119e-53	C12orf75	c14
1.64096929793257e-57	0.857175200924378	0.309	0.183	5.50348283140624e-53	EOMES	c14
3.79556528277352e-57	0.697300158818687	0.464	0.331	1.27295668453658e-52	R3HDM4	c14
4.68475734481191e-57	0.500483793740875	0.576	0.438	1.57117391830302e-52	FLNA	c14
1.01413316334582e-56	0.253066433746213	0.983	0.927	3.4011998032292e-52	RPL13A	c14
2.64290735693403e-56	0.369585039715612	0.784	0.674	8.86378269368534e-52	AHNAK	c14
5.13243593701927e-55	0.510187622370475	0.55	0.407	1.72131636455752e-50	IER2	c14
1.66763665797422e-54	1.38047457608584	0.162	0.076	5.59291982351393e-50	SELL	c14
2.65253021749828e-54	0.281209043147592	0.962	0.901	8.89605584344573e-50	CD44	c14
2.69382338005549e-54	0.283501292813287	0.966	0.901	9.03454485203009e-50	RPL38	c14
9.59765116875972e-53	1.25430097606178	0.107	0.041	3.21886024897864e-48	LINC00861	c14
3.52443773551214e-52	0.826991022536633	0.306	0.189	1.18202592773606e-47	TNFAIP8	c14
3.24666362728372e-51	0.236100622118318	0.999	0.946	1.08886604731841e-46	RPS13	c14
5.63852008096521e-51	0.3610118627431	0.87	0.781	1.89104686475411e-46	PPIB	c14
1.44627006467865e-50	0.23606472934116	0.994	0.945	4.85050054291924e-46	RPS6	c14
1.72935395956425e-50	1.00229260565985	0.243	0.14	5.79990730958659e-46	BIN2	c14
1.50621566630859e-49	0.185254550805979	1	0.953	5.05154610166575e-45	RPS7	c14
1.61630965229183e-49	1.66960850438105	0.074	0.024	5.42077931185633e-45	LDLRAP1	c14
2.96162764123217e-49	0.215512853515856	0.999	0.947	9.93270678316445e-45	RPL29	c14
2.17491608377316e-48	0.245745401629998	0.994	0.934	7.29423356175843e-44	RPL5	c14
1.01936361120152e-47	0.29294602838988	0.943	0.859	3.41874167924766e-43	PCBP1	c14
1.34584224413629e-47	0.157632645792374	1	0.983	4.51368571838428e-43	HLA-C	c14
1.89949032109479e-47	0.254729232486457	0.993	0.944	6.3705106388877e-43	RPS25	c14
2.61871411130275e-47	0.567679630152472	0.632	0.508	8.78264338648717e-43	LGALS3	c14
2.76874463954136e-47	0.284282039687266	0.934	0.86	9.28581577209383e-43	ARPC2	c14
4.02226835196161e-47	2.60087328238843	0.023	0.003	1.34898835988088e-42	AC119396.1	c14
5.31151216453102e-47	0.334509811017297	0.844	0.728	1.78137494974041e-42	CORO1A	c14
6.22196743988545e-47	0.489976996169166	0.655	0.549	2.08672343998878e-42	CIB1	c14
4.9024419675936e-46	0.204770944321265	0.998	0.949	1.64418098709154e-41	RPL6	c14
9.0107281510057e-46	0.190538064269894	1	0.952	3.02201800728429e-41	RPS24	c14
4.43261739607754e-45	0.903456877990615	0.254	0.153	1.48661122229648e-40	UPP1	c14
4.43271391072148e-45	0.472043833322063	0.498	0.376	1.48664359137777e-40	PLEC	c14
1.27623316686875e-44	0.481965851052391	0.466	0.325	4.28023079504442e-40	ITM2C	c14
3.47470105406269e-44	1.89893117236508	0.048	0.013	1.16534523951155e-39	TPRG1	c14
3.70377419074929e-44	0.176807304693591	1	0.953	1.2421717880935e-39	FAU	c14
3.75347967989414e-44	0.97108098895849	0.222	0.127	1.2588420150429e-39	GLIPR2	c14
1.11505569216125e-43	0.384291041135387	0.599	0.463	3.73967378037039e-39	MBP	c14
1.22047839927863e-43	0.559018430376064	0.542	0.43	4.09324045550067e-39	AES	c14
4.63187098405066e-43	0.654603907611992	0.48	0.362	1.55343689063091e-38	GZMM	c14
6.40158098226345e-43	0.486662895352148	0.568	0.45	2.14696222983152e-38	LAT	c14
4.47914338729558e-42	2.45275932084915	0.034	0.007	1.50221510923119e-37	CCDC112	c14
1.62475955051591e-41	0.249628648236746	0.97	0.897	5.44911858052027e-37	ARHGDIB	c14
2.21272980977829e-41	0.286924986369888	0.888	0.818	7.42105323603445e-37	RPL27A	c14
4.56898087313509e-41	1.66555986813426	0.065	0.022	1.53234480523205e-36	CDHR3	c14
6.38825443179817e-41	1.94696845922583	0.051	0.015	2.14249277133647e-36	PDLIM1	c14
8.47653082305392e-41	1.54576369168806	0.076	0.028	2.84285890743583e-36	C1orf21	c14
1.78790043245206e-40	0.883987552516323	0.171	0.091	5.99626047035772e-36	ZNF276	c14
2.31641520776101e-40	0.242429162751058	0.973	0.912	7.76879332378887e-36	RPL10A	c14
2.90635224657539e-40	1.52502344201473	0.08	0.03	9.74732416456454e-36	N4BP3	c14
3.45804627110599e-40	0.317032447280438	0.859	0.749	1.15975955840353e-35	ISG20	c14
5.03601958526523e-40	2.40740886554948	0.033	0.007	1.68898024850625e-35	SLCO3A1	c14
6.46833030865705e-40	0.748240559058607	0.367	0.261	2.1693486189174e-35	DSTN	c14
1.8193348802717e-39	1.38935537245405	0.082	0.032	6.10168532145523e-35	PLEK	c14
2.35748573864828e-39	1.59544205703403	0.057	0.019	7.90653567027859e-35	EPHA1	c14
3.3998475849622e-38	0.283509011226308	0.902	0.819	1.14024088304462e-33	CYBA	c14
1.774727838503e-36	1.27210380385792	0.135	0.068	5.95208222477137e-32	TRBV7-9	c14
2.66826126404523e-36	0.366752833188801	0.77	0.658	8.94881462735491e-32	PRDX1	c14
2.68664513227724e-36	1.20246800595277	0.124	0.061	9.01047044463139e-32	MATK	c14
1.07510279090114e-35	1.69470582588242	0.048	0.015	3.60567974012426e-31	SORL1	c14
1.54855629631884e-35	0.285336640763381	0.863	0.759	5.19354810659413e-31	LAPTM5	c14
3.20967832680748e-35	0.193795525453588	0.992	0.935	1.07646191724469e-30	RPL9	c14
7.02491716197019e-35	1.53984559778826	0.068	0.026	2.35601671778156e-30	ANTXR2	c14
1.44649812393887e-34	0.241240192075927	0.915	0.841	4.85126540806619e-30	TOMM7	c14
2.30751184962185e-34	0.181042108627932	0.997	0.948	7.73893324126177e-30	RPL8	c14
3.04258504420422e-34	0.191508698708393	0.991	0.935	1.02042217212521e-29	RACK1	c14
3.42959695664075e-34	0.881053369990966	0.258	0.171	1.15021822731818e-29	PPT1	c14
4.83712817630766e-34	0.890887563871665	0.234	0.148	1.62227604777006e-29	PERP	c14
6.65280541393948e-34	0.369439128233786	0.685	0.579	2.23121787972702e-29	RARRES3	c14
3.8664958608118e-33	0.572691349681534	0.382	0.28	1.29674538179906e-28	CD5	c14
6.84249307193714e-33	0.221629790620404	0.954	0.881	2.29483532646628e-28	H3F3A	c14
1.26576392411325e-32	0.32511037041134	0.466	0.351	4.24511904869102e-28	TAGAP	c14
1.10110499285451e-31	0.19811865732098	0.994	0.932	3.69288592503546e-27	RPS5	c14
2.56988671088448e-31	0.326881559551764	0.664	0.56	8.61888605096437e-27	CD3G	c14
3.68287295974453e-31	0.673897530462193	0.292	0.204	1.23516193323912e-26	RAB29	c14
5.48383303521362e-31	0.62681601362662	0.302	0.212	1.83916792334994e-26	CDC42EP3	c14
5.99513275551517e-31	0.899060277607848	0.132	0.07	2.01064762354468e-26	CAMK1D	c14
6.8210819869339e-31	0.283299697534946	0.916	0.845	2.28765447677789e-26	EEF1B2	c14
1.21172260644046e-30	0.187486191343097	0.988	0.931	4.06387527748e-26	RPL26	c14
1.65972293134454e-30	0.117587522505853	1	0.99	5.5663787671433e-26	HLA-B	c14
2.0367271573847e-30	0.4498651520506	0.496	0.397	6.83077554043682e-26	RHOF	c14
1.43166898328969e-29	0.198788915530253	0.975	0.92	4.80153143615697e-25	CALM1	c14
1.97218196439598e-29	0.191412692108848	0.98	0.907	6.61430387219122e-25	PPIA	c14
2.52444138883694e-29	0.975210509476597	0.113	0.058	8.46647152988133e-25	GIMAP5	c14
4.81552949032118e-29	0.864271181675063	0.207	0.133	1.61503228046392e-24	ESYT1	c14
9.82081323674934e-29	0.509644646125272	0.466	0.378	3.29370434334099e-24	TMBIM1	c14
1.06224817853283e-28	0.195719482860915	0.967	0.905	3.56256794116342e-24	RPL27	c14
7.04398247402681e-28	0.168219466706321	0.988	0.938	2.36241084213911e-23	RPS16	c14
1.02944189560769e-27	0.201067974072394	0.955	0.888	3.45254222948908e-23	HMGB1	c14
1.78883277158962e-27	0.229788242613508	0.217	0.138	5.99938734935728e-23	MIAT	c14
1.81744886218771e-27	0.17104952910671	0.997	0.951	6.09535999400515e-23	TPT1	c14
2.13318830620311e-27	0.802589012153519	0.215	0.141	7.154286941344e-23	MYD88	c14
2.576727204575e-27	0.158951926715023	1	0.949	8.64182769870365e-23	RPL18	c14
3.83205145634479e-27	0.169516119276183	0.998	0.956	1.28519341742891e-22	TMSB4X	c14
3.99623786718724e-27	0.500431111409499	0.466	0.381	1.34025825589726e-22	NDUFA12	c14
7.05530679142396e-27	0.843634052106014	0.191	0.121	2.36620879170777e-22	TRADD	c14
9.33930892233436e-27	0.343564068768235	0.587	0.504	3.1322174263725e-22	CD53	c14
1.18983665603073e-26	0.404024199345683	0.541	0.452	3.99047417699586e-22	OSBPL8	c14
1.92707662193583e-26	0.676057428005035	0.196	0.124	6.4630295746484e-22	SAMHD1	c14
2.10108251142749e-26	0.522920906593041	0.402	0.319	7.04661052682552e-22	OCIAD2	c14
2.13110090172409e-26	0.131885246046429	1	0.984	7.14728620420225e-22	HLA-A	c14
3.19205915790219e-26	0.254250997047636	0.795	0.719	1.07055280037723e-21	NOP53	c14
4.25014067377663e-26	0.251877087094687	0.838	0.738	1.42541217917121e-21	PSME1	c14
7.21419153234056e-26	0.172947326830172	0.992	0.945	2.41949555611638e-21	RPLP0	c14
1.15312322571767e-25	0.169364731195631	0.987	0.929	3.86734467441192e-21	RPL35	c14
1.18113264072708e-25	0.999085513846141	0.102	0.052	3.96128265047048e-21	TRAV19	c14
2.07114291241081e-25	0.174496364152775	0.987	0.927	6.94619909964336e-21	RPL36AL	c14
4.20651331731774e-25	0.625440965364084	0.364	0.284	1.41078043636202e-20	CCND3	c14
4.83006921192642e-25	0.347371887078386	0.38	0.285	1.61990861229588e-20	TXNIP	c14
6.34530019012762e-25	0.442402125063903	0.489	0.409	2.128086777765e-20	CDC42SE1	c14
1.44771118750113e-24	0.306694930876185	0.617	0.525	4.85533378064128e-20	CLDND1	c14
1.96765142677567e-24	0.450259179212942	0.433	0.348	6.59910935512024e-20	ORAI1	c14
4.7707381915756e-24	1.13560312452522	0.107	0.058	1.60001017469063e-19	CRIP2	c14
7.69172415205771e-24	0.217978753370292	0.888	0.816	2.57965044611712e-19	PSMA7	c14
8.18671145885278e-24	0.759901718609745	0.153	0.092	2.74565928907004e-19	TNFSF14	c14
1.08432313064626e-23	0.419293974135331	0.401	0.32	3.63660291556142e-19	CAPN2	c14
1.13677807005995e-23	1.67160090688247	0.055	0.023	3.81252629136705e-19	IFIT2	c14
1.65679462574053e-23	1.97797382644952	0.022	0.005	5.5565578158086e-19	HPCAL4	c14
2.39798833772253e-23	0.496608834915865	0.374	0.291	8.04237328705382e-19	MAGED2	c14
3.27211011985117e-23	0.531057461349201	0.356	0.275	1.09740029199569e-18	LYSMD2	c14
5.19058833847066e-23	1.25781895909619	0.045	0.017	1.74081951695629e-18	SBK1	c14
6.04414154974728e-23	0.132441001645218	1	0.963	2.02708419295424e-18	PTMA	c14
8.47098007205139e-23	0.478650121756047	0.263	0.187	2.8409972965646e-18	PTK2B	c14
9.97543739749844e-23	0.26128390365098	0.626	0.548	3.34556219437303e-18	CAST	c14
1.65177651564258e-22	0.4778455402172	0.368	0.291	5.53972807816209e-18	RNF126	c14
1.85353423187048e-22	0.149876541509011	0.997	0.951	6.21638310684722e-18	RPL37	c14
2.24687326118157e-22	0.286016552751241	0.691	0.618	7.53556354335075e-18	UQCR10	c14
2.30289083582449e-22	0.218840518359962	0.666	0.589	7.72343528518817e-18	PPP2R5C	c14
2.57637238264838e-22	1.46086727065397	0.049	0.02	8.64063769692612e-18	NXPH4	c14
3.24340827268377e-22	0.354507777450488	0.559	0.481	1.08777426649268e-17	PCMT1	c14
4.37918329297902e-22	0.588672919597606	0.197	0.132	1.4686904927993e-17	SBF1	c14
6.26782450126026e-22	0.440489986616904	0.458	0.383	2.10210298123267e-17	ATP5PD	c14
1.0747896709431e-21	0.79496971255392	0.152	0.095	3.60462959840897e-17	ADD3	c14
1.4246999971155e-21	0.909920522771089	0.111	0.063	4.77815885032597e-17	FCMR	c14
2.13309432498285e-21	0.295083081582044	0.51	0.419	7.15397174712749e-17	ARL4C	c14
2.19766267603065e-21	0.191454633331997	0.923	0.851	7.37052108287159e-17	SUB1	c14
2.78339659691321e-21	0.964733560462804	0.1	0.055	9.33495550672752e-17	RASSF3	c14
2.86236090766279e-21	0.241344283230017	0.784	0.707	9.59978601211946e-17	COMMD6	c14
3.25212198432542e-21	0.503282452694156	0.322	0.243	1.09069667110306e-16	LGALS1	c14
3.73598235080776e-21	1.51315131939837	0.048	0.019	1.25297376081391e-16	NME4	c14
6.35513634662026e-21	0.160727910097731	0.987	0.934	2.1313856279295e-16	RPS9	c14
1.37033134981711e-20	0.203805777945254	0.882	0.794	4.59581728101663e-16	CD3D	c14
1.68938308752236e-20	0.545112433640133	0.204	0.139	5.6658529989325e-16	MLLT3	c14
1.78705949803144e-20	0.978281841639081	0.094	0.051	5.99344014449785e-16	RCAN2	c14
2.49539761747628e-20	0.69858254924639	0.13	0.078	8.36906452949196e-16	KDM7A	c14
2.70476207179042e-20	0.379754428391716	0.519	0.44	9.07123103637071e-16	UCP2	c14
4.20554155219264e-20	0.141964022172155	0.996	0.94	1.41045452577437e-15	NACA	c14
5.7009959648692e-20	0.257225662234987	0.75	0.671	1.91200002669783e-15	ENO1	c14
1.27619085144461e-19	0.349567230929589	0.415	0.343	4.28008887757492e-15	TRABD	c14
1.69795897386788e-19	0.134505890938483	0.993	0.938	5.69461480655811e-15	RPL24	c14
2.04876008870893e-19	0.243279592243276	0.61	0.534	6.871131585512e-15	CCSER2	c14
2.08240276698647e-19	1.76014792803669	0.028	0.009	6.98396239991922e-15	ADRB2	c14
2.20108002947197e-19	0.300933295997575	0.625	0.549	7.38198220284309e-15	PTPRCAP	c14
2.22819596818583e-19	0.375518893092064	0.341	0.266	7.47292363810164e-15	ARHGAP45	c14
2.31371109625361e-19	0.182254685070483	0.915	0.843	7.75972427461535e-15	COX7C	c14
2.96935878247963e-19	0.468779930013523	0.296	0.223	9.95863548468019e-15	RARA	c14
4.32740632326141e-19	0.784769995319139	0.164	0.108	1.45132553269541e-14	LINC00623	c14
5.65422759452699e-19	0.224041341003812	0.782	0.715	1.89631485065246e-14	EIF3K	c14
5.96269310533996e-19	0.448071933111345	0.395	0.324	1.99976801366892e-14	PPP1R18	c14
1.30530298271125e-18	0.144604472208402	0.978	0.92	4.377725143417e-14	RPSA	c14
3.60620674710047e-18	0.13420933792066	0.9	0.81	1.20944961884256e-13	IFITM1	c14
3.76558751993945e-18	0.211335619938714	0.824	0.764	1.26290274243729e-13	RPL36A	c14
4.28596055864055e-18	0.485325700171017	0.307	0.236	1.43742545215687e-13	ASF1A	c14
5.1817846108479e-18	0.29079176297795	0.687	0.609	1.73786692278617e-13	CD8B	c14
5.2289313505702e-18	0.296561220916135	0.451	0.376	1.75367899635424e-13	NFATC2	c14
5.96686634985366e-18	0.608585451772536	0.11	0.065	2.00116763641392e-13	BCL9L	c14
7.01672862106167e-18	0.222212837285452	0.716	0.649	2.35327044493166e-13	ATP6V1G1	c14
7.68736192538718e-18	0.366231851257984	0.481	0.412	2.57818744253635e-13	PDCD5	c14
8.2682393188918e-18	0.602793074301534	0.168	0.113	2.77300210276993e-13	RNPEPL1	c14
1.20357102855794e-17	0.240235475801194	0.67	0.599	4.03653651557761e-13	EIF3G	c14
1.34692214751623e-17	1.27394942125592	0.074	0.039	4.51730749833994e-13	IFIT1	c14
1.4118839917307e-17	1.82032049282183	0.017	0.004	4.73517653146643e-13	SYNM	c14
1.50832771806762e-17	0.17427550968743	0.697	0.62	5.05862950085519e-13	PBXIP1	c14
1.56370072276349e-17	1.23797623943621	0.065	0.033	5.24433948400419e-13	TRAV1-2	c14
1.63859961168502e-17	0.499254039769644	0.178	0.122	5.49553537766923e-13	MYO1F	c14
3.75764232848344e-17	0.912292198480818	0.095	0.055	1.26023808412677e-12	NQO2	c14
4.30468683994184e-17	0.145881268236765	0.991	0.934	1.44370587237969e-12	RPL21	c14
5.02705850261443e-17	0.619711781083855	0.179	0.124	1.68597488060683e-12	DNAJC5	c14
5.33967960580794e-17	0.208487392691669	0.831	0.779	1.79082174619587e-12	RPL17	c14
1.1709596352062e-16	0.716326324724056	0.124	0.077	3.92716442455455e-12	KCNA3	c14
1.21819824836167e-16	0.390955039809687	0.396	0.328	4.08559328535538e-12	MGST3	c14
1.23162352192318e-16	2.35052532327181	0.01	0.002	4.13061896782596e-12	LINC02273	c14
1.34007286699299e-16	0.279380501924422	0.564	0.492	4.49433638132109e-12	CD247	c14
1.51260674137145e-16	0.738210013242014	0.116	0.072	5.07298048921157e-12	PRKCI	c14
2.96398114281088e-16	0.441202799845133	0.379	0.318	9.94059995675914e-12	SMDT1	c14
3.15473756467444e-16	0.144344479256044	0.954	0.89	1.05803588444051e-11	RPL31	c14
3.30047718291271e-16	0.58239148937329	0.207	0.15	1.10691403760526e-11	RCSD1	c14
3.80819755160029e-16	0.310059788720534	0.504	0.444	1.27719329485571e-11	TECR	c14
3.91147162516873e-16	0.542342167323825	0.102	0.061	1.31182935364909e-11	NBEAL2	c14
5.42098009276234e-16	0.157370493893958	0.831	0.772	1.81808830351063e-11	IDS	c14
5.72444634636609e-16	0.153843750449185	0.922	0.854	1.91986481564426e-11	TMA7	c14
6.39582635563675e-16	1.35518213971347	0.03	0.011	2.14503224315345e-11	SLC12A7	c14
7.78687984075768e-16	0.306432062789258	0.455	0.39	2.61156376099331e-11	CD58	c14
7.88883746520753e-16	1.5096600940142	0.026	0.009	2.6457583090813e-11	SMAGP	c14
9.33341808099603e-16	1.20596309193326	0.047	0.022	3.13024175600445e-11	SHISAL2A	c14
1.46540254245899e-15	0.297215259420027	0.484	0.421	4.91466704689895e-11	NDUFC1	c14
1.47616917591427e-15	0.319304458181948	0.48	0.415	4.95077618218129e-11	GTF3A	c14
1.48256956245298e-15	0.335840383332971	0.433	0.369	4.97224179855481e-11	IL27RA	c14
1.71076846841503e-15	1.18682099182216	0.036	0.015	5.73757528937032e-11	GAS7	c14
2.5631784491863e-15	0.161404672328301	0.819	0.753	8.596387882881e-11	ITM2B	c14
2.82009967114561e-15	0.627941171887445	0.168	0.117	9.45805027708813e-11	RGS14	c14
3.09629882176974e-15	0.300955292626028	0.561	0.504	1.03843669884513e-10	PRELID1	c14
3.50726344363926e-15	1.87288724995681	0.016	0.004	1.17626601372774e-10	SVIL	c14
5.43613577429014e-15	0.272552516902935	0.594	0.532	1.82317121598143e-10	ATP5MPL	c14
7.08706561168911e-15	0.425582801523528	0.281	0.221	2.37686006484829e-10	OGDH	c14
8.39842031544084e-15	0.160810219836055	0.919	0.844	2.81666220539255e-10	MYL12B	c14
9.32824199829831e-15	0.914189354115676	0.082	0.048	3.12850580138929e-10	KCTD6	c14
9.4591683516926e-15	1.35286052638599	0.053	0.026	3.17241588179066e-10	IFIT3	c14
1.11585129408956e-14	1.745026091791	0.021	0.007	3.74234207011758e-10	CXCR5	c14
1.15426746153757e-14	0.254701299247455	0.477	0.397	3.87118221250469e-10	PRF1	c14
1.18382462975468e-14	0.165347311219843	0.876	0.796	3.97031104327124e-10	ARPC3	c14
1.33436978878789e-14	0.255608699325373	0.374	0.304	4.47520939763683e-10	ABLIM1	c14
1.35059391213695e-14	0.345003509378351	0.298	0.234	4.52962186252491e-10	PITPNC1	c14
1.67043810313951e-14	0.559957226652173	0.226	0.17	5.6023153103093e-10	KDSR	c14
2.5534312852206e-14	0.269083312582034	0.623	0.564	8.56369784437283e-10	DRAP1	c14
2.66879985108159e-14	0.523477006182287	0.215	0.159	8.95062094055744e-10	CMSS1	c14
2.9156433027664e-14	0.1710439836846	0.682	0.615	9.77848450881795e-10	CD6	c14
3.19236498436896e-14	0.454323071924025	0.26	0.203	1.07065536845766e-09	HDGF	c14
3.88755878837916e-14	0.142322424177786	0.902	0.838	1.3038094664466e-09	YWHAB	c14
4.01588111164209e-14	0.208006778084124	0.632	0.557	1.34684620722253e-09	PSMB9	c14
4.63957394235864e-14	0.350804107530159	0.414	0.355	1.55602030878824e-09	DAD1	c14
5.99421390277053e-14	1.64952604726557	0.019	0.006	2.01033945871118e-09	ITGA6	c14
6.06687907442524e-14	1.3014896295762	0.025	0.009	2.03470990398074e-09	CDK5R1	c14
6.5357662734596e-14	0.129248006101519	0.978	0.92	2.19196529279288e-09	UBA52	c14
7.35438453402078e-14	0.347629066197386	0.425	0.368	2.46651348501989e-09	ANXA7	c14
7.54432711316576e-14	0.575876140541773	0.179	0.13	2.53021642721353e-09	ASMTL	c14
9.32709485615195e-14	0.19016187839253	0.724	0.658	3.12812107285624e-09	COX5B	c14
1.17962179077275e-13	0.127980415293822	0.942	0.888	3.95621556189364e-09	PFDN5	c14
1.30908592894598e-13	0.454630512216218	0.21	0.156	4.39041238849903e-09	SKI	c14
1.34779679684486e-13	1.74454997706643	0.016	0.005	4.5202408972583e-09	PLPP2	c14
1.35752479732058e-13	0.17105840362965	0.77	0.698	4.55286666525377e-09	ATP5MD	c14
1.37190070634847e-13	1.02342113541014	0.065	0.036	4.60108058895149e-09	CD59	c14
1.60373464608423e-13	1.16879184163664	0.057	0.03	5.37860525603729e-09	AC008555.5	c14
1.70152350838373e-13	0.214286376445199	0.675	0.622	5.70656954241737e-09	PRR13	c14
1.75519840523595e-13	0.110489093979846	1	0.96	5.88658441148032e-09	RPS26	c14
1.75825383723078e-13	0.952260962644871	0.069	0.039	5.89683171930458e-09	AC006369.1	c14
3.12264091462478e-13	0.16270968357328	0.71	0.651	1.04727130994686e-08	OPTN	c14
3.16693012145478e-13	0.290019116186477	0.47	0.413	1.06212502413351e-08	UBE2L6	c14
3.30107239872837e-13	0.590516252321557	0.136	0.093	1.10711366108552e-08	ARHGAP25	c14
3.32702232244998e-13	1.8274334323842	0.021	0.008	1.11581674650328e-08	PLAC8	c14
3.36281706555395e-13	0.301623017654534	0.475	0.419	1.12782158744548e-08	KRT10	c14
3.80115511056467e-13	0.236284692469729	0.623	0.57	1.27483140098118e-08	EIF5A	c14
4.30019228060026e-13	0.38244233113961	0.301	0.244	1.44219848706771e-08	REXO2	c14
4.38490259336181e-13	0.353012538303094	0.4	0.343	1.47060863176168e-08	FKBP2	c14
4.61410419840155e-13	0.565562338199575	0.177	0.13	1.54747826605991e-08	WDR18	c14
4.98352839693976e-13	0.642107234142389	0.116	0.076	1.67137575376566e-08	DKK3	c14
5.21417278530971e-13	0.211789017321931	0.502	0.434	1.74872926873717e-08	LCK	c14
5.54167004123145e-13	0.320910513729208	0.448	0.397	1.8585652984282e-08	ARPC5L	c14
5.71724368851439e-13	1.30889555085505	0.039	0.019	1.91744918825396e-08	NETO2	c14
6.32380436751627e-13	0.153954165619236	0.821	0.775	2.12087750877761e-08	DAZAP2	c14
7.60626038796891e-13	0.63433085829222	0.158	0.113	2.55098760891701e-08	ELK3	c14
8.95031770887765e-13	1.21921153183876	0.037	0.017	3.00175755320339e-08	TP53I11	c14
9.4397348601778e-13	0.298963022761999	0.419	0.362	3.16589827740643e-08	PRMT1	c14
9.81873243836561e-13	1.00764557757762	0.035	0.016	3.29300648517906e-08	ANK3	c14
1.2657564440422e-12	0.348248410786867	0.394	0.336	4.24509396202874e-08	HMGA1	c14
1.30909469678927e-12	0.335583648297835	0.31	0.255	4.39044179409186e-08	MYO1G	c14
1.52122739438362e-12	0.441085243758359	0.19	0.141	5.1018924352838e-08	ENO2	c14
1.62563298900784e-12	0.247935889754066	0.567	0.507	5.45204791853448e-08	KRTCAP2	c14
2.41891328132671e-12	0.396915925224573	0.286	0.234	8.11255136291352e-08	HAX1	c14
2.7675650742116e-12	0.712464763217003	0.09	0.056	9.28185974589086e-08	AUTS2	c14
2.83713258812356e-12	0.381178087135429	0.265	0.212	9.51517527404878e-08	XPC	c14
2.93361044058767e-12	1.20952771311866	0.025	0.01	9.83874269564292e-08	PLEKHA5	c14
3.11989904354885e-12	0.58267894901121	0.139	0.097	1.04635174122541e-07	MED16	c14
3.17213697528557e-12	0.432039526218602	0.274	0.22	1.06387129877127e-07	GCHFR	c14
3.73752418850449e-12	0.270462414761449	0.513	0.457	1.25349086234063e-07	NDUFB9	c14
5.6724572172125e-12	0.258187510236271	0.366	0.307	1.90242870150873e-07	IL10RA	c14
5.82257251512276e-12	0.200667313883869	0.679	0.626	1.95277437012187e-07	GNB2	c14
6.10215561180001e-12	0.658138499193579	0.158	0.114	2.04654094908549e-07	CLIC3	c14
6.18947139659712e-12	0.516047877470363	0.136	0.095	2.07582491699074e-07	DENND2D	c14
6.20588829852158e-12	0.479211279716247	0.223	0.174	2.08133081755817e-07	GPR132	c14
6.42236208715832e-12	0.262766081793252	0.409	0.349	2.15393179679116e-07	CYSTM1	c14
6.78959022596774e-12	1.47712057527081	0.027	0.011	2.27709276998506e-07	NSG1	c14
7.07345822016302e-12	0.189977847172344	0.678	0.615	2.37229641787827e-07	NDUFA4	c14
8.01461494803315e-12	0.157051382561396	0.742	0.683	2.68794156127136e-07	SEPT7	c14
8.39887844999931e-12	0.306854657145294	0.438	0.39	2.81681585456077e-07	SSBP1	c14
8.47059103470642e-12	0.831187050724906	0.078	0.047	2.84086682121984e-07	LSR	c14
1.05358023512094e-11	0.515728990668184	0.131	0.091	3.53349739254861e-07	ADAM8	c14
1.22743935191061e-11	0.351127827041023	0.349	0.296	4.11658609843781e-07	MESD	c14
1.33099670185643e-11	0.921671235346588	0.056	0.031	4.46389673868609e-07	THEM4	c14
1.39038157212427e-11	0.199035392937022	0.66	0.596	4.66306171659038e-07	RBX1	c14
1.56197326237941e-11	0.16292666970544	0.814	0.746	5.23854592736808e-07	UBL5	c14
1.58699594779614e-11	0.213278937667477	0.577	0.518	5.3224670097187e-07	NDUFB2	c14
1.76363285274271e-11	0.143781720770715	0.881	0.812	5.9148718615285e-07	HINT1	c14
1.76476983178149e-11	0.144444424434308	0.766	0.716	5.91868506182876e-07	SAT1	c14
1.93821487152946e-11	0.54807033184919	0.188	0.142	6.50038503613552e-07	C16orf54	c14
1.98550585887986e-11	0.606387103909154	0.113	0.077	6.65898954951127e-07	SIPA1	c14
2.42171376563622e-11	0.373953979566213	0.341	0.291	8.12194362719075e-07	PSMB10	c14
2.58855339684148e-11	0.128551490182077	0.917	0.857	8.68149038232697e-07	RPL7	c14
2.60928498022516e-11	0.412342783685302	0.171	0.127	8.75101996667914e-07	RHBDF2	c14
2.67336320890799e-11	0.141873574715217	0.855	0.803	8.96592553003562e-07	RPS4Y1	c14
2.722559283727e-11	0.962409896175089	0.055	0.031	9.13091932576363e-07	MPI	c14
2.72492105925835e-11	1.08202453352103	0.043	0.022	9.13884024854066e-07	TRAV6	c14
2.79518354211401e-11	1.56925392336044	0.015	0.005	9.37448656354197e-07	TTYH2	c14
3.41091243775423e-11	0.109487915013384	0.981	0.934	1.14395181337401e-06	EEF1D	c14
3.6447244881074e-11	0.392965462292655	0.255	0.207	1.22236769882146e-06	KLF13	c14
3.78355469798769e-11	0.161540294275814	0.706	0.655	1.26892857461111e-06	GUK1	c14
3.93747078557587e-11	0.352369249095189	0.263	0.213	1.32054895206644e-06	DEF6	c14
4.33395394775297e-11	0.263335817546582	0.442	0.396	1.45352147499739e-06	PRMT2	c14
4.8881906733636e-11	0.28173127418522	0.425	0.373	1.63940138803268e-06	RAP1A	c14
5.00593119172367e-11	1.14643362309904	0.025	0.01	1.67888920308028e-06	TRBV7-4	c14
5.51091879068177e-11	2.01058471683249	0.01	0.003	1.84825194401885e-06	PACSIN1	c14
5.85345266904123e-11	0.105741306081472	0.848	0.77	1.96313095614305e-06	COTL1	c14
5.91702238120808e-11	0.22654668716928	0.465	0.42	1.98445096620956e-06	TAPBP	c14
6.06990431583538e-11	0.140748058069187	0.417	0.353	2.03572450944487e-06	GGA2	c14
6.10589579640749e-11	0.175347122460816	0.702	0.644	2.04779533219914e-06	TRBC2	c14
8.84583725361155e-11	0.349917345790864	0.191	0.147	2.96671689811624e-06	DDI2	c14
9.32437150366847e-11	0.145234658431902	0.836	0.777	3.12720771490033e-06	SNRPD2	c14
9.52347715333008e-11	0.277715286030499	0.4	0.352	3.19398376768384e-06	ARRB2	c14
1.06493015421139e-10	0.339138841499035	0.313	0.263	3.57156275119416e-06	PSIP1	c14
1.1958374288334e-10	0.204031015063344	0.39	0.336	4.01059956882145e-06	SUN2	c14
1.20074671019731e-10	0.584472742381615	0.138	0.099	4.02706431665974e-06	AQP3	c14
1.25759206356203e-10	1.19047064963035	0.024	0.01	4.21771226277434e-06	CD300A	c14
1.3339418855012e-10	0.261533562561934	0.376	0.32	4.47377429559392e-06	TTC39C	c14
1.33768420188646e-10	1.28037303213079	0.024	0.01	4.48632527628679e-06	FXYD7	c14
1.49927847155153e-10	0.593309206657958	0.119	0.083	5.02828013788951e-06	GRK6	c14
1.55935794695321e-10	0.229839592469807	0.242	0.192	5.22977468249166e-06	TGFBR2	c14
1.57221115921082e-10	1.1745607203337	0.031	0.014	5.27288178576123e-06	GIMAP8	c14
1.77617219551011e-10	1.03807733128051	0.039	0.02	5.95692630930181e-06	SSX2IP	c14
1.82848618825574e-10	0.212620232704013	0.517	0.471	6.1323769781721e-06	ERH	c14
2.09455293255559e-10	0.680575487359868	0.094	0.062	7.02471162520493e-06	SLC35E4	c14
2.7648728522345e-10	1.48364936698102	0.016	0.006	9.27283057182407e-06	SORBS3	c14
3.81950191666432e-10	0.285073513719165	0.481	0.436	1.28098455281088e-05	ERP29	c14
4.64741181751013e-10	1.58610238641642	0.019	0.008	1.55864897535655e-05	HVCN1	c14
5.11282797261732e-10	0.25263103047787	0.44	0.387	1.7147402454564e-05	XBP1	c14
5.32525199581196e-10	0.578495405176418	0.128	0.091	1.78598301435541e-05	GIMAP6	c14
6.32025397360049e-10	0.737718484130201	0.06	0.036	2.11968677766613e-05	PLCD1	c14
6.35288130075786e-10	0.458481282797848	0.2	0.157	2.13062933064817e-05	IL16	c14
7.1615050103097e-10	0.260792785234933	0.504	0.462	2.40182555035767e-05	TBCA	c14
7.28829214839944e-10	0.275778506679222	0.445	0.404	2.4443474207302e-05	EMC4	c14
8.85822467367661e-10	0.117572004357017	0.765	0.697	2.97087139105766e-05	LEPROTL1	c14
8.90263061714939e-10	0.201611398439133	0.678	0.615	2.98576425637956e-05	S100A4	c14
9.10174486870609e-10	0.156998347224558	0.759	0.695	3.05254319406665e-05	COX7A2	c14
9.83697691719428e-10	1.6707189319451	0.013	0.004	3.29912531848862e-05	RTL5	c14
1.04795720471119e-09	0.241718503876422	0.484	0.435	3.5146388731604e-05	ATP5PF	c14
1.06892654049118e-09	1.19323651981418	0.019	0.007	3.58496583149933e-05	DHRS3	c14
1.11555376292089e-09	1.83632650416273	0.012	0.004	3.74134421008409e-05	FAM84B	c14
1.16169218186794e-09	1.45036093404407	0.021	0.009	3.8960832395487e-05	DPP4	c14
1.16905924186858e-09	0.27025300500391	0.216	0.17	3.92079088537886e-05	EPB41	c14
1.19519124762397e-09	1.14446296672346	0.043	0.023	4.00843240628127e-05	SDHAF3	c14
1.23679113156663e-09	0.946837940152658	0.046	0.025	4.14795009704815e-05	GKAP1	c14
1.38027809998081e-09	0.163296479097546	0.69	0.631	4.62917669171565e-05	GNG5	c14
1.39699140826462e-09	0.216628832227409	0.597	0.561	4.68522978503788e-05	SEC61G	c14
1.43286935972278e-09	0.172396683040514	0.629	0.58	4.80555725863825e-05	SPCS1	c14
1.4684078865999e-09	0.348003621790804	0.299	0.254	4.92474637007874e-05	PNP	c14
1.55818562642499e-09	0.845585892467452	0.055	0.033	5.22584295390414e-05	NCF1	c14
1.79925999350016e-09	0.119002577635277	0.925	0.864	6.03435816620083e-05	RPL4	c14
2.05206908754836e-09	0.159596567391573	0.534	0.476	6.8822293058197e-05	BCL3	c14
2.12506694370199e-09	0.574716398053146	0.12	0.086	7.12704951578774e-05	LPCAT1	c14
2.20487909319974e-09	0.245392500258508	0.409	0.36	7.3947235027733e-05	C8orf59	c14
2.30695039936844e-09	0.357897294607332	0.23	0.186	7.73705024940188e-05	CA5B	c14
2.32522668497743e-09	0.432615888987891	0.209	0.167	7.79834525607729e-05	VSIR	c14
2.6156761959668e-09	0.304139374658416	0.231	0.186	8.77245482603346e-05	TBC1D10C	c14
2.62004052408653e-09	0.153038709219776	0.545	0.499	8.78709190968142e-05	CDC42SE2	c14
2.69145405741728e-09	0.787491361804575	0.078	0.051	9.02659861776606e-05	LEF1	c14
2.74652893441387e-09	1.10310582149593	0.031	0.015	9.21130874023725e-05	GNAO1	c14
2.84555544114945e-09	0.375201803240685	0.287	0.243	9.54342383852704e-05	PYURF	c14
2.8980023025904e-09	0.889891039175681	0.066	0.041	9.71932012242769e-05	LPAR6	c14
3.20855989461883e-09	0.601867592915217	0.119	0.085	0.000107608681745726	PRR7	c14
3.50784803942195e-09	0.211128144777793	0.528	0.485	0.000117646207546133	KRAS	c14
3.64130411108327e-09	0.135145573865628	0.774	0.725	0.000122122057277511	ISCU	c14
4.11241800953151e-09	0.330032813909741	0.191	0.15	0.000137922275203668	PIK3R5	c14
4.40922029827334e-09	1.4517125267125	0.03	0.015	0.000147876430363491	TNFAIP8L2	c14
4.64516027077246e-09	1.16776787547755	0.051	0.03	0.000155789385161167	GPX7	c14
4.905801988977e-09	0.402640618528627	0.141	0.105	0.000164530787106311	SMAD3	c14
5.01776482393362e-09	0.156291786415953	0.653	0.611	0.000168285796665086	SERP1	c14
5.33122060932452e-09	0.413874478056088	0.219	0.179	0.000178798476795526	ITGB7	c14
5.43849907118593e-09	0.56494803955446	0.146	0.11	0.000182396381849434	BID	c14
7.80515883822053e-09	0.194426542338348	0.5	0.452	0.00026176941711624	TRAM1	c14
8.11694211517544e-09	0.271651960180187	0.4	0.357	0.000272226004658754	NEDD8	c14
8.2712138073421e-09	0.194242320057577	0.536	0.488	0.000277399968670639	NDUFA3	c14
8.30643724280622e-09	0.270005080507042	0.367	0.325	0.000278581292249235	LBR	c14
9.04753046021005e-09	0.618679053047679	0.109	0.078	0.000303436076574525	RAP2B	c14
9.29471535545812e-09	0.260428555000592	0.441	0.402	0.000311726163591355	CLTB	c14
9.53977435747272e-09	0.813736130620141	0.066	0.042	0.00031994495240092	IGFBP4	c14
1.03224076748338e-08	0.22936793037481	0.439	0.394	0.000346192908598577	SEC11C	c14
1.28938218432675e-08	0.191619520818755	0.518	0.468	0.000432432996979505	ATP5F1C	c14
1.28970965713231e-08	1.13684252672267	0.026	0.013	0.000432542824809034	KLRG1	c14
1.40553906694377e-08	0.103535061646107	0.863	0.797	0.000471389692271601	SPOCK2	c14
1.59030140538644e-08	0.373936152903933	0.134	0.1	0.000533355285338503	RNF168	c14
1.97707499780646e-08	0.146165722342987	0.719	0.666	0.000663071412764332	SSR4	c14
2.0594897759226e-08	0.754883775798738	0.034	0.018	0.000690711681048921	TRBV7-6	c14
2.12177284946771e-08	0.190319073963716	0.494	0.448	0.000711600178254481	ARPC5	c14
2.3365030777014e-08	0.20697780140554	0.441	0.393	0.000783616402199497	CD48	c14
2.39076671510079e-08	0.444160270287682	0.239	0.199	0.000801815340910502	EIF4EBP1	c14
2.43765603838653e-08	0.55487470800972	0.116	0.084	0.000817541082154074	MED11	c14
2.82689762913346e-08	0.206028260445794	0.118	0.086	0.00094808492685878	CORO7	c14
2.94511225136105e-08	0.408360136334574	0.178	0.14	0.000987731746861469	CTDSP2	c14
3.1552508047855e-08	0.557179294433888	0.142	0.108	0.00105820801490896	HEBP2	c14
3.29729088611581e-08	0.643204871658244	0.06	0.038	0.00110584541738552	PRR12	c14
3.6162729526688e-08	0.224638744127902	0.328	0.287	0.00121282562286606	IKZF1	c14
4.1559954298068e-08	0.649987895968946	0.057	0.035	0.00139383774724861	SMARCD3	c14
4.72280581708358e-08	0.396265863949132	0.247	0.209	0.00158393461493349	DNAJC19	c14
4.74046302959937e-08	0.232980880482675	0.402	0.364	0.00158985649086704	NOSIP	c14
5.36405839983106e-08	0.286011493657527	0.291	0.249	0.00179899790613534	GLOD4	c14
5.40031680802525e-08	0.607958223846314	0.124	0.093	0.00181115825107551	GIMAP2	c14
5.41866980986397e-08	0.187770353928117	0.561	0.518	0.00181731348083218	NDUFB4	c14
5.74735750794034e-08	0.167641490786714	0.549	0.506	0.00192754876101303	GABARAPL2	c14
5.84634412179253e-08	0.316836041028322	0.261	0.221	0.00196074689156678	TMEM243	c14
5.85508022165861e-08	0.59273821988338	0.122	0.092	0.00196367680473986	PASK	c14
6.18630818301135e-08	0.116148890854615	0.803	0.751	0.00207476403841835	NDUFS5	c14
7.80226983464091e-08	0.783259207176234	0.042	0.024	0.00261672525714187	MPP6	c14
8.02308096031188e-08	0.238522333481586	0.423	0.384	0.0026907808924694	SSR3	c14
9.81100574237909e-08	0.334593785943631	0.304	0.266	0.0032904151058791	TMEM14B	c14
9.83134008205507e-08	0.168441225401138	0.433	0.38	0.00329723483671963	GZMA	c14
1.08989060812029e-07	0.547462683405691	0.106	0.077	0.00365527512151382	DCP1B	c14
1.09170468922762e-07	0.329747967821376	0.252	0.215	0.0036613591867316	SEMA4D	c14
1.10607860939408e-07	0.907442079345905	0.026	0.013	0.00370956644018587	SH2B3	c14
1.16911057473839e-07	1.62563054314993	0.011	0.004	0.00392096304555761	SCGB3A1	c14
1.22272504489557e-07	0.504148803334137	0.158	0.125	0.00410077525557078	KRCC1	c14
1.22354830019933e-07	0.188859119057148	0.512	0.476	0.00410353628920853	NDUFAB1	c14
1.40020990953418e-07	0.192112206807769	0.288	0.248	0.00469602399459574	AC004687.1	c14
1.42041370862136e-07	0.638666354799545	0.054	0.034	0.00476378349597432	ARID3A	c14
1.42891192365028e-07	0.774259493394996	0.051	0.031	0.00479228480953832	TRBV29-1	c14
1.48079603157367e-07	0.559248752103206	0.081	0.056	0.00496629373069178	STMN3	c14
1.66133853556735e-07	0.60033945336559	0.06	0.039	0.00557179718058579	SH3YL1	c14
1.81456374708263e-07	0.268661153017688	0.421	0.384	0.00608568389496571	APOBEC3C	c14
1.86402465079928e-07	0.575198462600764	0.143	0.112	0.00625156587385064	HDDC2	c14
1.894617947978e-07	0.107255443898736	0.844	0.793	0.00635416967392861	OST4	c14
1.96642394155719e-07	0.136959906645091	0.659	0.612	0.00659499261519451	NDUFA1	c14
1.96789494305224e-07	1.56204872256307	0.011	0.004	0.00659992606000859	C1orf61	c14
1.99686669430811e-07	0.451188326035721	0.131	0.1	0.00669709151937055	CD28	c14
2.01424320530539e-07	0.157359775704616	0.573	0.529	0.00675536886195323	ZYX	c14
2.03028902273261e-07	0.233699353680067	0.4	0.359	0.00680918332444061	MANF	c14
2.41268271400892e-07	0.417809623264445	0.178	0.144	0.00809165528624311	MFNG	c14
2.42867303185624e-07	1.39502284665778	0.014	0.006	0.00814528361423944	BEX5	c14
2.45411613862997e-07	0.199354816683411	0.228	0.19	0.0082306147057372	GRK2	c14
2.45614683898656e-07	0.228536878862249	0.204	0.165	0.00823742526859311	SPTBN1	c14
2.72316325584235e-07	0.29930825789167	0.194	0.158	0.00913294492744408	RNF125	c14
2.78106933824704e-07	0.284517353319092	0.246	0.208	0.00932715034661292	SSH2	c14
3.25210206795569e-07	0.127808673013947	0.665	0.626	0.0109068999155098	PDIA3	c14
3.35072962400735e-07	0.489994828919408	0.087	0.062	0.0112376770129958	NAA16	c14
3.43861016663386e-07	1.18131555548521	0.023	0.011	0.0115324107768567	CYB561	c14
3.7524638251726e-07	1.52186881346438	0.012	0.005	0.0125850131768639	AC093157.1	c14
3.95309719995455e-07	0.185267135870608	0.51	0.478	0.0132578973892076	PSMA5	c14
4.30487596809302e-07	0.224431896064311	0.216	0.178	0.0144376930217904	PLK3	c14
4.41456435981873e-07	0.42084655333429	0.182	0.149	0.01480556594996	UBE2Q2	c14
4.53488016988288e-07	0.658774498524847	0.108	0.081	0.0152090811137532	ZNF32	c14
4.92850359831808e-07	1.13427917462591	0.014	0.006	0.0165292153680392	ZNF280B	c14
5.19272571670402e-07	0.404312008407805	0.153	0.121	0.0174153635086819	PTPRE	c14
5.49004948349098e-07	0.836150499469045	0.044	0.027	0.0184125279577321	TRAV14DV4	c14
5.61862326760999e-07	0.297930107146226	0.341	0.306	0.0188437387149104	CCDC167	c14
6.05849452683274e-07	0.539145539246019	0.104	0.077	0.0203189789440917	FN3KRP	c14
6.50437580240912e-07	0.296540347919468	0.287	0.251	0.0218143755661197	SREK1IP1	c14
6.58382365064132e-07	0.15016917722515	0.455	0.413	0.0220808277595209	SNX3	c14
6.84194470917394e-07	0.331301457123852	0.238	0.203	0.0229465141656276	CTDSP1	c14
7.69619691916619e-07	0.144716903287576	0.647	0.602	0.0258115052274996	PPP1CA	c14
9.77850727864761e-07	0.211760670711739	0.448	0.414	0.0327951577111284	SRP9	c14
9.96619976006953e-07	0.260777334876271	0.352	0.318	0.0334246407553212	TUSC2	c14
1.03071458329397e-06	0.484178671529154	0.089	0.064	0.0345681056945132	HDHD3	c14
1.17763357694503e-06	0.579060642838352	0.101	0.075	0.0394954749035823	AIM2	c14
1.25494562406323e-06	0.171023697131197	0.52	0.484	0.0420883663398326	RWDD1	c14
1.27698668588782e-06	0.987851171639748	0.031	0.017	0.0428275794713058	PHLDB2	c14
1.38439041768872e-06	0.226954442724975	0.336	0.301	0.0464296858284443	AP1M1	c14
1.39397158385025e-06	0.176293776985568	0.495	0.457	0.0467510189791698	GSTP1	c14
1.41140635528446e-06	0.120084799976702	0.615	0.573	0.0473357463435302	PPP4C	c14
